
<MAXData>
  <Misc Wheelbase="2.813491" FrontTrackOuter="1.993475" RearTrackOuter="1.993475" FrontStockRideHeight="0.066509" RearStockRideHeight="0.066509">
    <BottomCenterWheelbasePos x="0.000000" y="0.000000" z="0.065968"/>
  </Misc>
  <Collision>
    <BoundingBox MinX="-0.996737" MinY="-0.090001" MinZ="-2.366746" MaxX="0.986737" MaxY="1.200000" MaxZ="2.206745" BevelFrontX="1.110000" BevelFrontZ="3.766296" BevelRearX="1.340500" BevelRearZ="3.586296"/>
    <CollSpheres PosOffsetX="0.000000" PosOffsetY="0.000000" PosOffsetZ="0.000000" PosScale="1.000000" RadiusScale="1.000000">
      <Sphere0 Radius="0.370000" PosX="0.000000" PosY="0.118800" PosZ="1.993399" Flags="2"/>
      <Sphere1 Radius="0.415000" PosX="0.000000" PosY="0.491800" PosZ="-2.005498" Flags="2"/>
      <Sphere2 Radius="0.050000" PosX="0.671056" PosY="1.159960" PosZ="-0.999965" Flags="1"/>
      <Sphere3 Radius="0.050000" PosX="0.679417" PosY="1.159286" PosZ="0.114405" Flags="1"/>
      <Sphere4 Radius="0.050000" PosX="0.952660" PosY="1.102011" PosZ="-2.419690" Flags="1"/>
      <Sphere5 Radius="0.050000" PosX="0.899416" PosY="0.518377" PosZ="2.056298" Flags="1"/>
      <Sphere6 Radius="0.050000" PosX="0.960004" PosY="0.050000" PosZ="-2.420000" Flags="1"/>
      <Sphere7 Radius="0.050000" PosX="0.900828" PosY="0.027527" PosZ="2.246432" Flags="1"/>
      <Sphere8 Radius="0.175000" PosX="0.802599" PosY="1.032200" PosZ="-2.352301" Flags="2"/>
      <Sphere9 Radius="0.160000" PosX="0.580800" PosY="1.045099" PosZ="0.086104" Flags="2"/>
      <Sphere10 Radius="0.175000" PosX="0.550499" PosY="1.035499" PosZ="-0.674896" Flags="2"/>
      <Sphere11 Radius="0.370000" PosX="0.697799" PosY="0.335200" PosZ="-1.978502" Flags="2"/>
      <Sphere12 Radius="0.435000" PosX="0.808700" PosY="0.360000" PosZ="-1.320003" Flags="2"/>
      <Sphere13 Radius="0.440000" PosX="0.781000" PosY="0.360001" PosZ="-0.467796" Flags="2"/>
      <Sphere14 Radius="0.430000" PosX="0.778799" PosY="0.263901" PosZ="0.412504" Flags="2"/>
      <Sphere15 Radius="0.410000" PosX="0.807999" PosY="0.197701" PosZ="1.196995" Flags="2"/>
      <Sphere16 Radius="0.315000" PosX="0.738400" PosY="0.189300" PosZ="1.817195" Flags="2"/>
      <Sphere17 Radius="0.315000" PosX="-0.738400" PosY="0.189300" PosZ="1.817195" Flags="2"/>
      <Sphere18 Radius="0.410000" PosX="-0.807999" PosY="0.197701" PosZ="1.196995" Flags="2"/>
      <Sphere19 Radius="0.430000" PosX="-0.778799" PosY="0.263901" PosZ="0.412504" Flags="2"/>
      <Sphere20 Radius="0.440000" PosX="-0.781000" PosY="0.360001" PosZ="-0.467796" Flags="2"/>
      <Sphere21 Radius="0.435000" PosX="-0.808700" PosY="0.360000" PosZ="-1.320003" Flags="2"/>
      <Sphere22 Radius="0.370000" PosX="-0.697799" PosY="0.335200" PosZ="-1.978502" Flags="2"/>
      <Sphere23 Radius="0.175000" PosX="-0.550499" PosY="1.035499" PosZ="-0.674896" Flags="2"/>
      <Sphere24 Radius="0.160000" PosX="-0.580800" PosY="1.045099" PosZ="0.086104" Flags="2"/>
      <Sphere25 Radius="0.175000" PosX="-0.802599" PosY="1.032200" PosZ="-2.352301" Flags="2"/>
      <Sphere26 Radius="0.050000" PosX="-0.900828" PosY="0.027527" PosZ="2.246432" Flags="1"/>
      <Sphere27 Radius="0.050000" PosX="-0.960004" PosY="0.050000" PosZ="-2.420000" Flags="1"/>
      <Sphere28 Radius="0.050000" PosX="-0.899416" PosY="0.518377" PosZ="2.056298" Flags="1"/>
      <Sphere29 Radius="0.050000" PosX="-0.952660" PosY="1.102011" PosZ="-2.419690" Flags="1"/>
      <Sphere30 Radius="0.050000" PosX="-0.679417" PosY="1.159286" PosZ="0.114405" Flags="1"/>
      <Sphere31 Radius="0.050000" PosX="-0.671056" PosY="1.159960" PosZ="-0.999965" Flags="1"/>
    </CollSpheres>
  </Collision>
</MAXData>