
<CarAnimationEvents>
  <Part Name="EngineVent" DefaultState="Closed">
    <State Name="Closed">
      <Trigger Target="Open" AnimationName="VentClosed_to_VentOpen" AudioEventName="" Duration="1.000000">
        <Condition InputType="SpeedMPH" Operator="GreaterOrEqual" Value="100.000000"/>
		<Condition InputType="SpeedMPH" Operator="StrictlyLess" Value="175.000000"/>
      </Trigger>
    </State>
    <State Name="Open">
      <Trigger Target="Closed" AnimationName="VentOpen_to_VentClosed" AudioEventName="" Duration="1.000000">
        <Condition InputType="SpeedMPH" Operator="GreaterOrEqual" Value="175.000000"/>
      </Trigger>
	  <Trigger Target="Closed" AnimationName="VentOpen_to_VentClosed" AudioEventName="" Duration="1.000000">
        <Condition InputType="SpeedMPH" Operator="StrictlyLess" Value="90.000000"/>
      </Trigger>
	</State>
  </Part>
</CarAnimationEvents>