
<ShaderSettings>
 
 <carbon_fiber>
    <CarbonFiberScale value="1.000000"/>
 </carbon_fiber>
  
 <cockpit_carbon_fiber>
    <CarbonFiberScale value="0.750000"/>
 </cockpit_carbon_fiber>
  
 <misc>
    <PaintScale value="0.393" />
 </misc>
  
 <plastic2>
    <PaintScale value="0.750000"/>
 </plastic2>

 <cockpit_suede>
    <MottleLight value="1" />
    <MottleDark value="0.1" />
    <MottleTile value="1.125" />
    <DiffuseColorMultiply value="1.0" />
    <MinCockpitShadow value="0.25" />
 </cockpit_suede>
  
</ShaderSettings>