
<ShaderSettings>

  <badge>
    <PaintScale value="0.150000"/>
    <FresnelIndex value="1.900000"/>
  </badge>

  <chrome_2>
    <ChromeDiffuseScale value="0.150000"/>
    <CubeScale value="1.100000"/>
    <MinShadowValue value="0.600000"/>
  </chrome_2>
  
  <cockpit_carbon_fiber>
    <FresnelIndex value="1.400000"/>
    <FresnelScalar value="0.400000"/>
  </cockpit_carbon_fiber>
  
  <cockpit_metal>
    <PaintScale value="0.002000"/>
    <CockpitSpecularPower value="95.000000"/>
    <CockpitSpecularPower2 value="8.500000"/>
    <CockpitSpecularAmount value="0.750000"/>
    <CockpitSpecularAmount2 value="0.250000"/>
    <CubeScale value="0.030000"/>
  </cockpit_metal>

  <cockpit_mottled>
    <CockpitPlasticPaintScale value="0.250000"/>
  </cockpit_mottled>

  <cockpit_plastic>
    <CockpitSpecularAmount2 value="0.100000"/>
    <CockpitPlasticPaintScale value="0.350000"/>
  </cockpit_plastic>

  <cockpit_reflector>
    <PaintScale value="0.030000"/>
    <CockpitSpecularPower value="4.000000"/>
    <CockpitSpecularAmount value="0.200000"/>
    <FresnelIndex value="1.500000"/>
    <FresnelScalar value="0.200000"/>
  </cockpit_reflector>

  <cockpit_wood>
    <PaintScale value="0.650000"/>
    <FresnelIndex value="1.500000"/>
    <FresnelScalar value="0.800000"/>
  </cockpit_wood>

  <lights_glass>
    <GlassMaxOpacity value="0.750000"/>
    <GlassColor r="0.750000" g="0.750000" b="0.750000" a="0.000000"/>
  </lights_glass>

  <reflector>
    <PaintScale value="1.000000"/>
    <CubeScale value="0.900000"/>
  </reflector>

  <textured_reflector>
    <PaintScale value="0.350000"/>
    <CubeScale value="1.500000"/>
  </textured_reflector>
  
</ShaderSettings>