
<MAXData>
  <Misc Wheelbase="2.874065" FrontTrackOuter="1.885743" RearTrackOuter="1.895934" FrontStockRideHeight="0.196226" RearStockRideHeight="0.196226">
    <BottomCenterWheelbasePos x="0.000000" y="0.000000" z="0.106772"/>
  </Misc>
  <Collision>
    <BoundingBox MinX="-0.951699" MinY="-0.238399" MinZ="-2.674500" MaxX="0.961699" MaxY="1.356801" MaxZ="2.464895" BevelFrontX="0.521699" BevelFrontZ="4.467712" BevelRearX="1.251699" BevelRearZ="3.897696"/>
    <CollSpheres PosOffsetX="0.000000" PosOffsetY="0.000000" PosOffsetZ="0.000000" PosScale="1.000000" RadiusScale="1.000000">
      <Sphere0 Radius="0.420000" PosX="-0.000000" PosY="0.260300" PosZ="2.096297" Flags="2"/>
      <Sphere1 Radius="0.465000" PosX="-0.000000" PosY="0.436700" PosZ="-2.265695" Flags="2"/>
      <Sphere2 Radius="0.165000" PosX="0.318699" PosY="0.928900" PosZ="-2.266299" Flags="2"/>
      <Sphere3 Radius="0.160000" PosX="0.540300" PosY="1.185399" PosZ="0.095404" Flags="2"/>
      <Sphere4 Radius="0.175000" PosX="0.503199" PosY="1.197299" PosZ="-0.982396" Flags="2"/>
      <Sphere5 Radius="0.350000" PosX="0.538699" PosY="0.464800" PosZ="-2.260299" Flags="2"/>
      <Sphere6 Radius="0.500000" PosX="0.540000" PosY="0.584400" PosZ="-1.472103" Flags="2"/>
      <Sphere7 Radius="0.555000" PosX="0.502100" PosY="0.541801" PosZ="-0.642396" Flags="2"/>
      <Sphere8 Radius="0.555000" PosX="0.487299" PosY="0.486001" PosZ="0.480504" Flags="2"/>
      <Sphere9 Radius="0.450000" PosX="0.570899" PosY="0.433701" PosZ="1.455495" Flags="2"/>
      <Sphere10 Radius="0.350000" PosX="0.523900" PosY="0.345400" PosZ="1.998095" Flags="2"/>
      <Sphere11 Radius="0.050000" PosX="0.900000" PosY="0.050000" PosZ="2.390000" Flags="1"/>
      <Sphere12 Radius="0.050000" PosX="0.900000" PosY="0.038271" PosZ="-2.661355" Flags="1"/>
      <Sphere13 Radius="0.050000" PosX="0.895232" PosY="0.595451" PosZ="2.380484" Flags="1"/>
      <Sphere14 Radius="0.050000" PosX="0.900000" PosY="0.913223" PosZ="-2.473790" Flags="1"/>
      <Sphere15 Radius="0.050000" PosX="0.541960" PosY="1.310000" PosZ="-0.037732" Flags="1"/>
      <Sphere16 Radius="0.050000" PosX="0.481960" PosY="1.310000" PosZ="-0.977697" Flags="1"/>
      <Sphere17 Radius="0.050000" PosX="-0.481960" PosY="1.310000" PosZ="-0.977697" Flags="1"/>
      <Sphere18 Radius="0.050000" PosX="-0.541960" PosY="1.310000" PosZ="-0.037732" Flags="1"/>
      <Sphere19 Radius="0.050000" PosX="-0.900000" PosY="0.913223" PosZ="-2.473790" Flags="1"/>
      <Sphere20 Radius="0.050000" PosX="-0.895232" PosY="0.595451" PosZ="2.380484" Flags="1"/>
      <Sphere21 Radius="0.050000" PosX="-0.900000" PosY="0.038271" PosZ="-2.661355" Flags="1"/>
      <Sphere22 Radius="0.050000" PosX="-0.900000" PosY="0.050000" PosZ="2.390000" Flags="1"/>
      <Sphere23 Radius="0.350000" PosX="-0.523900" PosY="0.345400" PosZ="1.998095" Flags="2"/>
      <Sphere24 Radius="0.450000" PosX="-0.570899" PosY="0.433701" PosZ="1.455495" Flags="2"/>
      <Sphere25 Radius="0.555000" PosX="-0.487299" PosY="0.486001" PosZ="0.480504" Flags="2"/>
      <Sphere26 Radius="0.555000" PosX="-0.502100" PosY="0.541801" PosZ="-0.642396" Flags="2"/>
      <Sphere27 Radius="0.500000" PosX="-0.540000" PosY="0.584400" PosZ="-1.472103" Flags="2"/>
      <Sphere28 Radius="0.350000" PosX="-0.538699" PosY="0.464800" PosZ="-2.260299" Flags="2"/>
      <Sphere29 Radius="0.175000" PosX="-0.503199" PosY="1.197299" PosZ="-0.982396" Flags="2"/>
      <Sphere30 Radius="0.160000" PosX="-0.540300" PosY="1.185399" PosZ="0.095404" Flags="2"/>
      <Sphere31 Radius="0.165000" PosX="-0.318699" PosY="0.928900" PosZ="-2.266299" Flags="2"/>
    </CollSpheres>
  </Collision>
</MAXData>