
<MAXData>
  <Misc Wheelbase="2.529000" FrontTrackOuter="1.713836" RearTrackOuter="1.713836" FrontStockRideHeight="0.216755" RearStockRideHeight="0.216755">
    <BottomCenterWheelbasePos x="0.000000" y="0.000000" z="-0.075027"/>
  </Misc>
  <Collision>
    <BoundingBox MinX="-0.839799" MinY="-0.198999" MinZ="-1.957203" MaxX="0.839900" MaxY="1.104399" MaxZ="2.150395" BevelFrontX="1.084850" BevelFrontZ="3.342748" BevelRearX="1.224850" BevelRearZ="3.282748"/>
    <CollSpheres PosOffsetX="0.000000" PosOffsetY="0.000000" PosOffsetZ="0.000000" PosScale="1.000000" RadiusScale="1.000000">
      <Sphere0 Radius="0.265000" PosX="-0.504400" PosY="0.244500" PosZ="1.775195" Flags="2"/>
      <Sphere1 Radius="0.455000" PosX="-0.468599" PosY="0.460301" PosZ="1.265495" Flags="2"/>
      <Sphere2 Radius="0.535000" PosX="-0.368399" PosY="0.476001" PosZ="0.440104" Flags="2"/>
      <Sphere3 Radius="0.535000" PosX="-0.368000" PosY="0.501401" PosZ="-0.399996" Flags="2"/>
      <Sphere4 Radius="0.460000" PosX="-0.453700" PosY="0.440800" PosZ="-1.118603" Flags="2"/>
      <Sphere5 Radius="0.290000" PosX="-0.499799" PosY="0.324100" PosZ="-1.637203" Flags="2"/>
      <Sphere6 Radius="0.175000" PosX="-0.429299" PosY="0.924399" PosZ="-0.770296" Flags="2"/>
      <Sphere7 Radius="0.160000" PosX="-0.439400" PosY="0.954399" PosZ="0.075904" Flags="2"/>
      <Sphere8 Radius="0.175000" PosX="-0.297399" PosY="0.791300" PosZ="-1.637401" Flags="2"/>
      <Sphere9 Radius="0.460000" PosX="0.000000" PosY="0.439400" PosZ="1.672499" Flags="2"/>
      <Sphere10 Radius="0.515000" PosX="0.000000" PosY="0.526200" PosZ="-1.470598" Flags="2"/>
      <Sphere11 Radius="0.175000" PosX="0.297399" PosY="0.791300" PosZ="-1.637401" Flags="2"/>
      <Sphere12 Radius="0.160000" PosX="0.439400" PosY="0.954399" PosZ="0.075904" Flags="2"/>
      <Sphere13 Radius="0.175000" PosX="0.429299" PosY="0.924399" PosZ="-0.770296" Flags="2"/>
      <Sphere14 Radius="0.290000" PosX="0.499799" PosY="0.324100" PosZ="-1.637203" Flags="2"/>
      <Sphere15 Radius="0.460000" PosX="0.453700" PosY="0.440800" PosZ="-1.118603" Flags="2"/>
      <Sphere16 Radius="0.535000" PosX="0.378100" PosY="0.501401" PosZ="-0.399996" Flags="2"/>
      <Sphere17 Radius="0.535000" PosX="0.368399" PosY="0.476001" PosZ="0.440104" Flags="2"/>
      <Sphere18 Radius="0.455000" PosX="0.458499" PosY="0.460301" PosZ="1.265495" Flags="2"/>
      <Sphere19 Radius="0.265000" PosX="0.484200" PosY="0.244500" PosZ="1.795395" Flags="2"/>
      <Sphere20 Radius="0.050000" PosX="-0.790000" PosY="0.022374" PosZ="2.205909" Flags="1"/>
      <Sphere21 Radius="0.050000" PosX="0.790000" PosY="0.022374" PosZ="2.205909" Flags="1"/>
      <Sphere22 Radius="0.050000" PosX="0.790000" PosY="0.038105" PosZ="-1.981268" Flags="1"/>
      <Sphere23 Radius="0.050000" PosX="-0.790000" PosY="0.038105" PosZ="-1.981268" Flags="1"/>
      <Sphere24 Radius="0.050000" PosX="-0.790000" PosY="0.541860" PosZ="1.969166" Flags="1"/>
      <Sphere25 Radius="0.050000" PosX="0.790000" PosY="0.541860" PosZ="1.969166" Flags="1"/>
      <Sphere26 Radius="0.050000" PosX="0.788113" PosY="0.752371" PosZ="-1.824360" Flags="1"/>
      <Sphere27 Radius="0.050000" PosX="-0.784377" PosY="0.752098" PosZ="-1.825452" Flags="1"/>
      <Sphere28 Radius="0.050000" PosX="-0.509346" PosY="1.040707" PosZ="0.067055" Flags="1"/>
      <Sphere29 Radius="0.050000" PosX="0.477417" PosY="1.049948" PosZ="0.073608" Flags="1"/>
      <Sphere30 Radius="0.050000" PosX="0.477417" PosY="1.049952" PosZ="-0.634039" Flags="1"/>
      <Sphere31 Radius="0.050000" PosX="-0.485210" PosY="1.049381" PosZ="-0.636323" Flags="1"/>
    </CollSpheres>
  </Collision>
</MAXData>