
<CarAttributes Version="17">
  <DriverHandsSteeringWheelOverride value="0.000000"/>
  <Use10_2Animations value="0"/>
  <SteeringWheelAngleOverride value="0.000000"/>
  <CockpitNearPlane value="0.100000"/>
  <DriverHandsOffset value.x="-0.375334" value.y="0.315256" value.z="0.066415" value.w="0.000000"/>
  <DriverHandsScale value="1.000000"/>
  <CockpitShadowScale value="0.500000"/>
  <Gauges>
    <Speed NumTicks="5">
      <TickMark Param="0.000000" Value="0.000000"/>
      <TickMark Param="0.250000" Value="20.116800"/>
      <TickMark Param="0.500000" Value="40.233601"/>
      <TickMark Param="0.750000" Value="59.903358"/>
      <TickMark Param="1.000000" Value="80.467201"/>
    </Speed>
    <Tach NumTicks="0"/>
    <Fuel NumTicks="0"/>
    <Boost NumTicks="0"/>
    <OilTemp NumTicks="0"/>
    <OilPressure NumTicks="0"/>
    <WaterTemp NumTicks="0"/>
    <Volt NumTicks="0"/>
    <GaugeA NumTicks="0"/>
    <GaugeB NumTicks="0"/>
    <GaugeC NumTicks="0"/>
    <GaugeD NumTicks="0"/>
    <GaugeE NumTicks="0"/>
    <GaugeF NumTicks="0"/>
    <Power NumTicks="0"/>
  </Gauges>
  <CarDebris/>
  <Damage Version="3" value="1.000000">
    <DamageScalars speed="1.000000" radius="0.300000" damage="0.200000"/>
    <DamageScalars speed="25.000000" radius="0.500000" damage="0.150000"/>
    <DamageScalars speed="200.000000" radius="3.500000" damage="1.000000"/>
    <PartDropValues>
      <partDrop partName="bumperF" dropValue="0.400000"/>
      <partDrop partName="bumperR" dropValue="0.300000"/>
      <partDrop partName="exhaust" dropValue="0.400000"/>
      <partDrop partName="mirrorL" dropValue="0.100000"/>
      <partDrop partName="mirrorR" dropValue="0.100000"/>
      <partDrop partName="wing" dropValue="0.300000"/>
    </PartDropValues>
    <PartDropGlobalScalar value="0.150000"/>
    <DamageScrape Version="2" ScrapeMinSpeed="500.000000" ScrapeMaxSpeed="500.000000" ScrapeRadius="0.000000" ScrapeDamage="0.000000" DamageBias="1.000000" ScrapeBias="1.000000" GlassDamageCausingBreak="0.005000"/>
  </Damage>
  <Tires FrontTireScale="1.000000" RearTireScale="1.000000"/>
  <Driver Version="6" BodyLean="0.000000" ButtOffset.x="0.000000" ButtOffset.y="0.000000" ButtOffset.z="0.000000" ButtOffset.w="0.000000" BodyScale="1.000000" LeftHandOffset.x="0.000000" LeftHandOffset.y="0.000000" LeftHandOffset.z="0.000000" LeftHandOffset.w="0.000000" RightHandOffset.x="0.000000" RightHandOffset.y="0.000000" RightHandOffset.z="0.000000" RightHandOffset.w="0.000000" ShifterOffset.x="0.000000" ShifterOffset.y="0.000000" ShifterOffset.z="0.000000" ShifterOffset.w="0.000000" HandBrakeOffset.x="0.000000" HandBrakeOffset.y="0.000000" HandBrakeOffset.z="0.000000" HandBrakeOffset.w="0.000000" HasPaddleShifter="0" HasNoHandBrake="0" ForwardAccelerationScale="0.500000" LateralAccelerationScale="1.000000" IKGuideScale.x="2.000000" IKGuideScale.y="1.000000" IKGuideScale.z="-2.000000" IKGuideScale.w="0.000000" IKGuideTranslation.x="0.000000" IKGuideTranslation.y="-0.500000" IKGuideTranslation.z="0.000000" IKGuideTranslation.w="0.000000" ButtOffsetLOD0.x="0.000000" ButtOffsetLOD0.y="0.000000" ButtOffsetLOD0.z="0.000000" ButtOffsetLOD0.w="0.000000" LeftHandOffsetLOD0.x="0.000000" LeftHandOffsetLOD0.y="0.000000" LeftHandOffsetLOD0.z="0.000000" LeftHandOffsetLOD0.w="0.000000" RightHandOffsetLOD0.x="0.000000" RightHandOffsetLOD0.y="0.000000" RightHandOffsetLOD0.z="0.000000" RightHandOffsetLOD0.w="0.000000"/>
  <General Version="3" OpenCockpit="0" SLODDropShadowScale="2.000000" OverrideBackireDirection="0" BackirePitch="0.000000" BackfireYaw="0.000000"/>
  <Animations/>
</CarAttributes>