<ShaderSettings>
    <cockpit_wood>
        <FresnelIndex value="1.0" />
        <FresnelScalar value="0.000" />
        <PaintScale value="0.8" />
    </cockpit_wood>
    <reflector>
        <PaintScale value="0.1" />
    </reflector>
    <tail_light_lod0>
        <PaintScale value="1" />
        <BrakeColor r="1.5" g="0" b="0" a="0" />
    </tail_light_lod0>
    <textured_reflector>
        <PaintScale value="0.8" />
        <CubeScale value="1.5" />
    </textured_reflector>
    <chrome_2>
        <CubeScale value="1.2" />
    </chrome_2>
    <reverse_light_lod0>
        <ReverseLightColor r="0.8962694" g="0.8962694" b="0.8962694" a="0.8980392" />
    </reverse_light_lod0>
    <tail_light>
        <BrakeColor r="0.7991027" g="0" b="0" a="0" />
    </tail_light>
    <caliper>
        <PaintScale value="0.45" />
    </caliper>
    <interior>
        <FinalScale r="0.5028865" g="0.5028865" b="0.5028865" a="0" />
    </interior>
    <cockpit_digital_gauge>
        <DigitalGaugeScale value="0.03" />
    </cockpit_digital_gauge>
    <emblem>
        <PaintScale value="0.08" />
    </emblem>
</ShaderSettings>
