<ShaderSettings>
    <carbon_fiber>
        <CarbonFiberScale value="1.4" />
        <FresnelIndex value="1.95" />
        <FresnelScalar value="0.02" />
        <CarbonFiberDiffuseColor r="0.1" g="0.1" b="0.1" a="0" />
        <CarbonFiberDiffuseColor2 r="0.15" g="0.15" b="0.15" a="0" />
        <CarbonFiberSpecularPower2 value="10" />
        <CarbonFiberSpecularColor2 r="0.25" g="0.25" b="0.25" a="0" />
    </carbon_fiber>
    <carbon_fiber2>
        <FresnelScalar value="0.035" />
        <CarbonFiberSpecularColor2 r="0" g="0" b="0" a="0" />
    </carbon_fiber2>
    <matte_colors>
        <PaintScale value="0.2" />
        <SpecularAmount value="0.8" />
        <SpecularPower value="2" />
    </matte_colors>
    <matte_colors2>
        <PaintScale value=".1" />
    </matte_colors2>
    <misc>
        <PaintScale value="0.2" />
        <SpecularAmount value="0.1" />
        <SpecularPower value="4" />
        <FresnelIndex value="2.35" />
        <FresnelScalar value="0.1" />
    </misc>
    <glass>
        <FresnelScalar value="0.4" />
    </glass>
    <detail_glass_amber>
        <GlassColor r="1.1" g="0.7" b="0" a="0" />
        <Glancing value="0.1" />
        <Direct value="0.05" />
    </detail_glass_amber>
    <detail_glass_clear>
        <GlassColor r="1" g="1" b="1" a="0" />
        <Glancing value="0.15" />
        <Direct value="0.05" />
    </detail_glass_clear>
    <detail_glass_red>
        <DarkValues value="1.2" />
        <LightValues value="2" />
        <Glancing value="0.1" />
        <Direct value="0.05" />
    </detail_glass_red>
    <head_light>
        <PaintScale value="0.1" />
        <CubeScale value="0.2" />
    </head_light>
    <reflector>
        <PaintScale value="0.1" />
        <CubeScale value="0.1" />
    </reflector>
    <tail_light>
        <BrakeColor r="0.6" g="0" b="0" a="0" />
    </tail_light>
    <tail_light_lod0>
        <BrakeColor r="1" g="0" b="0" a="0" />
    </tail_light_lod0>
    <reverse_light>
        <PaintScale value="0.1" />
        <CubeScale value="0.5" />
        <ReverseLightColor r="0.6" g="0.6" b="0.6" a="0" />
    </reverse_light>
    <reverse_light_lod0>
        <PaintScale value="0.1" />
        <CubeScale value="0.6" />
        <ReverseLightColor r="0.7" g="0.7" b="0.7" a="0" />
    </reverse_light_lod0>
    <textured_reflector>
        <PaintScale value="0.06" />
        <CubeScale value="0.2" />
    </textured_reflector>
    <cockpit_headliner>
        <CockpitHeadlinerColor r="0" g="0" b="0" a="0" />
    </cockpit_headliner>
    <cockpit_carbon_fiber>
        <FresnelIndex value="1.5" />
        <FresnelScalar value="0.02" />
    </cockpit_carbon_fiber>
  <cockpit_unicolor_carbon_fiber>
    <FresnelIndex value="1" />
    <FresnelScalar value="0.1" />
    <CarbonFiberScale value="1.4" />
  </cockpit_unicolor_carbon_fiber>
</ShaderSettings>
