<CarAttributes Version="15">
  <DriverHandsSteeringWheelOverride value="0.460000" />
  <Use10_2Animations value="0" />
  <SteeringWheelAngleOverride value="0.001000" />
  <CockpitNearPlane value="0.100000" />
  <DriverHandsOffset value.x="0.0" value.y="0.0" value.z="0.0" value.w="0.000000" />
  <DriverHandsScale value="1.000000" />
  <CockpitShadowScale value="0.500000" />
  <Gauges>
    <Speed NumTicks="3">
      <TickMark Param="0.000000" Value="0.000000" />
      <TickMark Param="0.495000" Value="50.068478" />
      <TickMark Param="1.000000" Value="100.136955" />
    </Speed>
    <Tach NumTicks="3">
      <TickMark Param="0.000000" Value="0.000000" />
      <TickMark Param="0.500000" Value="4500.000000" />
      <TickMark Param="1.000000" Value="9000.000000" />
    </Tach>
    <Fuel NumTicks="0" />
    <Boost NumTicks="0" />
  </Gauges>
  <CarDebris>
    <Mechanical MaxDropCount_DamageCosmetic="1000" MaxDropCount_DamageLimited="1000" MaxDropCount_DamageFull="1000" MinDropForce="1.000000" MaxDropForce="100.000000" Area="" />
    <Fiber MaxDropCount_DamageCosmetic="1000" MaxDropCount_DamageLimited="1000" MaxDropCount_DamageFull="1000" MinDropForce="1.000000" MaxDropForce="100.000000" Area="" />
    <Frame MaxDropCount_DamageCosmetic="1000" MaxDropCount_DamageLimited="1000" MaxDropCount_DamageFull="1000" MinDropForce="1.000000" MaxDropForce="100.000000" Area="" />
    <Crumb MaxDropCount_DamageCosmetic="1000" MaxDropCount_DamageLimited="1000" MaxDropCount_DamageFull="1000" MinDropForce="1.000000" MaxDropForce="100.000000" Area="" />
  </CarDebris>
  <Damage Version="3" value="1.000000">
    <DamageScalars speed="5.000000" radius="0.300000" damage="0.500000" />
    <DamageScalars speed="35.000000" radius="1.300000" damage="1.500000" />
    <DamageScalars speed="98.000000" radius="3.200000" damage="2.500000" />
    <PartDropValues>
      <partDrop partName="mirrorL" dropValue="0.100000" />
      <partDrop partName="mirrorR" dropValue="0.100000" />
      <partDrop partName="wing" dropValue="0.300000" />
    </PartDropValues>
    <PartDropGlobalScalar value="1.000000" />
    <DamageScrape ScrapeMinSpeed="0.010000" ScrapeMaxSpeed="0.300000" ScrapeRadius="1.300000" ScrapeDamage="0.080000" DamageBias="0.750000" ScrapeBias="0.700000" GlassDamageCausingBreak="0.005000" />
  </Damage>
  <Tires FrontTireScale="1.000000" RearTireScale="1.000000" />
  <Driver Version="6" BodyLean="0.020000" ButtOffset.x="0.000000" ButtOffset.y="0.000000" ButtOffset.z="-0.030000" ButtOffset.w="0.000000" BodyScale="1.000000" LeftHandOffset.x="-0.000000" LeftHandOffset.y="-0.040000" LeftHandOffset.z="0.010000" LeftHandOffset.w="0.000000" RightHandOffset.x="0.010000" RightHandOffset.y="-0.040000" RightHandOffset.z="-0.010000" RightHandOffset.w="0.000000" ShifterOffset.x="0.000000" ShifterOffset.y="0.000000" ShifterOffset.z="0.000000" ShifterOffset.w="0.000000" HandBrakeOffset.x="0.000000" HandBrakeOffset.y="0.000000" HandBrakeOffset.z="0.000000" HandBrakeOffset.w="0.000000" HasPaddleShifter="0" HasNoHandBrake="0" ForwardAccelerationScale="0.500000" LateralAccelerationScale="1.000000" IKGuideScale.x="2.000000" IKGuideScale.y="1.000000" IKGuideScale.z="-2.000000" IKGuideScale.w="0.000000" IKGuideTranslation.x="0.000000" IKGuideTranslation.y="-0.500000" IKGuideTranslation.z="0.000000" IKGuideTranslation.w="0.000000" ButtOffsetLOD0.x="0.000000" ButtOffsetLOD0.y="0.000000" ButtOffsetLOD0.z="-0.15" ButtOffsetLOD0.w="0.000000" LeftHandOffsetLOD0.x="0.000000" LeftHandOffsetLOD0.y="0.000000" LeftHandOffsetLOD0.z="0.000000" LeftHandOffsetLOD0.w="0.000000" RightHandOffsetLOD0.x="0.000000" RightHandOffsetLOD0.y="0.010000" RightHandOffsetLOD0.z="-0.010000" RightHandOffsetLOD0.w="0.000000" />
  <General OpenCockpit="0" />
  <Animations>
    <Animation triggerName="VentClosed_to_VentOpen" startTime="0" endTime="1.66" rootbone="vent" inrace="true" />
    <Animation triggerName="VentOpen_to_VentClosed" startTime="1.66" endTime="3.33" rootbone="vent" inrace="true" />
  </Animations>
</CarAttributes>