
<MAXData>
  <Misc Wheelbase="2.664000" FrontTrackOuter="1.880037" RearTrackOuter="2.029813" FrontStockRideHeight="0.106300" RearStockRideHeight="0.091550">
    <BottomCenterWheelbasePos x="0.000000" y="0.000000" z="-0.078463"/>
  </Misc>
  <Collision>
    <BoundingBox MinX="-0.991200" MinY="-0.075799" MinZ="-2.142103" MaxX="0.971200" MaxY="1.033999" MaxZ="2.270295" BevelFrontX="1.071200" BevelFrontZ="3.151198" BevelRearX="1.721200" BevelRearZ="3.381198"/>
    <CollSpheres PosOffsetX="0.000000" PosOffsetY="0.000000" PosOffsetZ="0.000000" PosScale="1.000000" RadiusScale="1.000000">
      <Sphere0 Radius="0.350000" PosX="0.000000" PosY="0.283100" PosZ="2.033998" Flags="2"/>
      <Sphere1 Radius="0.400000" PosX="0.000000" PosY="0.364500" PosZ="-1.769798" Flags="2"/>
      <Sphere2 Radius="0.050000" PosX="-0.654962" PosY="0.980000" PosZ="-0.759403" Flags="1"/>
      <Sphere3 Radius="0.050000" PosX="-0.654962" PosY="0.980000" PosZ="0.471163" Flags="1"/>
      <Sphere4 Radius="0.050000" PosX="-0.915531" PosY="0.951066" PosZ="-2.129012" Flags="1"/>
      <Sphere5 Radius="0.050000" PosX="-0.917644" PosY="0.436029" PosZ="2.191614" Flags="1"/>
      <Sphere6 Radius="0.050000" PosX="-0.920000" PosY="0.060000" PosZ="-2.130000" Flags="1"/>
      <Sphere7 Radius="0.050000" PosX="-0.920000" PosY="0.054013" PosZ="2.244921" Flags="1"/>
      <Sphere8 Radius="0.320000" PosX="-0.590101" PosY="0.196500" PosZ="1.857195" Flags="2"/>
      <Sphere9 Radius="0.400000" PosX="-0.691799" PosY="0.355701" PosZ="1.331795" Flags="2"/>
      <Sphere10 Radius="0.455000" PosX="-0.694598" PosY="0.342601" PosZ="0.474904" Flags="2"/>
      <Sphere11 Radius="0.465000" PosX="-0.691700" PosY="0.370001" PosZ="-0.429796" Flags="2"/>
      <Sphere12 Radius="0.440000" PosX="-0.770400" PosY="0.368000" PosZ="-1.264503" Flags="2"/>
      <Sphere13 Radius="0.350000" PosX="-0.681599" PosY="0.454900" PosZ="-1.692403" Flags="2"/>
      <Sphere14 Radius="0.175000" PosX="-0.533099" PosY="0.838899" PosZ="-0.713996" Flags="2"/>
      <Sphere15 Radius="0.160000" PosX="-0.479800" PosY="0.862299" PosZ="0.349604" Flags="2"/>
      <Sphere16 Radius="0.140000" PosX="-0.755399" PosY="0.876800" PosZ="-2.016603" Flags="2"/>
      <Sphere17 Radius="0.140000" PosX="0.755399" PosY="0.876800" PosZ="-2.016603" Flags="2"/>
      <Sphere18 Radius="0.160000" PosX="0.479800" PosY="0.862299" PosZ="0.349604" Flags="2"/>
      <Sphere19 Radius="0.175000" PosX="0.533099" PosY="0.838899" PosZ="-0.713996" Flags="2"/>
      <Sphere20 Radius="0.350000" PosX="0.681599" PosY="0.454900" PosZ="-1.692403" Flags="2"/>
      <Sphere21 Radius="0.440000" PosX="0.770400" PosY="0.368000" PosZ="-1.264503" Flags="2"/>
      <Sphere22 Radius="0.465000" PosX="0.691700" PosY="0.370001" PosZ="-0.429796" Flags="2"/>
      <Sphere23 Radius="0.455000" PosX="0.694598" PosY="0.342601" PosZ="0.474904" Flags="2"/>
      <Sphere24 Radius="0.400000" PosX="0.691799" PosY="0.355701" PosZ="1.331795" Flags="2"/>
      <Sphere25 Radius="0.320000" PosX="0.590101" PosY="0.196500" PosZ="1.857195" Flags="2"/>
      <Sphere26 Radius="0.050000" PosX="0.920000" PosY="0.054013" PosZ="2.244921" Flags="1"/>
      <Sphere27 Radius="0.050000" PosX="0.920000" PosY="0.060000" PosZ="-2.130000" Flags="1"/>
      <Sphere28 Radius="0.050000" PosX="0.917644" PosY="0.436029" PosZ="2.191614" Flags="1"/>
      <Sphere29 Radius="0.050000" PosX="0.915531" PosY="0.951066" PosZ="-2.129012" Flags="1"/>
      <Sphere30 Radius="0.050000" PosX="0.654962" PosY="0.980000" PosZ="0.471163" Flags="1"/>
      <Sphere31 Radius="0.050000" PosX="0.654962" PosY="0.980000" PosZ="-0.759403" Flags="1"/>
    </CollSpheres>
  </Collision>
</MAXData>