
<MAXData>
  <Misc Wheelbase="2.586502" FrontTrackOuter="1.639484" RearTrackOuter="1.652484" FrontStockRideHeight="0.157130" RearStockRideHeight="0.157130">
    <BottomCenterWheelbasePos x="0.000000" y="0.000000" z="0.136423"/>
  </Misc>
  <Collision>
    <BoundingBox MinX="-0.844999" MinY="-0.154399" MinZ="-2.288903" MaxX="0.844999" MaxY="1.204999" MaxZ="2.033995" BevelFrontX="1.314999" BevelFrontZ="3.817898" BevelRearX="1.464999" BevelRearZ="3.487898"/>
    <CollSpheres PosOffsetX="0.000000" PosOffsetY="0.000000" PosOffsetZ="0.000000" PosScale="1.000000" RadiusScale="1.000000">
      <Sphere0 Radius="0.485000" PosX="0.000000" PosY="0.486900" PosZ="1.552909" Flags="2"/>
      <Sphere1 Radius="0.530000" PosX="0.000000" PosY="0.525700" PosZ="-1.745590" Flags="2"/>
      <Sphere2 Radius="0.270000" PosX="-0.574892" PosY="0.279700" PosZ="1.665930" Flags="2"/>
      <Sphere3 Radius="0.495000" PosX="-0.406396" PosY="0.480901" PosZ="1.174200" Flags="2"/>
      <Sphere4 Radius="0.535000" PosX="-0.341037" PosY="0.521001" PosZ="0.350704" Flags="2"/>
      <Sphere5 Radius="0.550000" PosX="-0.351158" PosY="0.525601" PosZ="-0.631921" Flags="2"/>
      <Sphere6 Radius="0.338740" PosX="-0.518699" PosY="0.470000" PosZ="-1.259930" Flags="2"/>
      <Sphere7 Radius="0.275000" PosX="-0.586395" PosY="0.313400" PosZ="-1.989351" Flags="2"/>
      <Sphere8 Radius="0.144196" PosX="-0.298999" PosY="0.997011" PosZ="-0.982405" Flags="2"/>
      <Sphere9 Radius="0.117135" PosX="-0.476000" PosY="1.017710" PosZ="0.274503" Flags="2"/>
      <Sphere10 Radius="0.050000" PosX="-0.800000" PosY="0.050000" PosZ="1.940000" Flags="1"/>
      <Sphere11 Radius="0.050000" PosX="-0.800000" PosY="0.050000" PosZ="-2.170000" Flags="1"/>
      <Sphere12 Radius="0.050000" PosX="-0.800000" PosY="0.530321" PosZ="1.928439" Flags="1"/>
      <Sphere13 Radius="0.050000" PosX="-0.793330" PosY="0.672955" PosZ="-2.159462" Flags="1"/>
      <Sphere14 Radius="0.050000" PosX="-0.499815" PosY="1.149731" PosZ="0.191446" Flags="1"/>
      <Sphere15 Radius="0.050000" PosX="-0.478420" PosY="1.159878" PosZ="-1.109236" Flags="1"/>
      <Sphere16 Radius="0.050000" PosX="0.478420" PosY="1.159878" PosZ="-1.109236" Flags="1"/>
      <Sphere17 Radius="0.050000" PosX="0.499815" PosY="1.149731" PosZ="0.191446" Flags="1"/>
      <Sphere18 Radius="0.050000" PosX="0.793330" PosY="0.672955" PosZ="-2.159462" Flags="1"/>
      <Sphere19 Radius="0.050000" PosX="0.800000" PosY="0.530321" PosZ="1.928439" Flags="1"/>
      <Sphere20 Radius="0.050000" PosX="0.800000" PosY="0.050000" PosZ="-2.170000" Flags="1"/>
      <Sphere21 Radius="0.050000" PosX="0.800000" PosY="0.050000" PosZ="1.940000" Flags="1"/>
      <Sphere22 Radius="0.117135" PosX="0.476000" PosY="1.017710" PosZ="0.274503" Flags="2"/>
      <Sphere23 Radius="0.144196" PosX="0.298999" PosY="0.997011" PosZ="-0.982405" Flags="2"/>
      <Sphere24 Radius="0.275000" PosX="0.586395" PosY="0.313400" PosZ="-1.989351" Flags="2"/>
      <Sphere25 Radius="0.338740" PosX="0.518699" PosY="0.470000" PosZ="-1.259930" Flags="2"/>
      <Sphere26 Radius="0.550000" PosX="0.351158" PosY="0.525601" PosZ="-0.631921" Flags="2"/>
      <Sphere27 Radius="0.535000" PosX="0.341037" PosY="0.521001" PosZ="0.350704" Flags="2"/>
      <Sphere28 Radius="0.495000" PosX="0.406396" PosY="0.480901" PosZ="1.174200" Flags="2"/>
      <Sphere29 Radius="0.270000" PosX="0.574892" PosY="0.279700" PosZ="1.665930" Flags="2"/>
    </CollSpheres>
  </Collision>
</MAXData>