
<MAXData>
  <Misc Wheelbase="2.655227" FrontTrackOuter="1.885592" RearTrackOuter="1.996658" FrontStockRideHeight="0.109614" RearStockRideHeight="0.123899">
    <BottomCenterWheelbasePos x="0.000000" y="0.000000" z="-0.052613"/>
  </Misc>
  <Collision>
    <BoundingBox MinX="-1.000500" MinY="-0.119999" MinZ="-2.226701" MaxX="1.010500" MaxY="1.027600" MaxZ="2.380095" BevelFrontX="1.080500" BevelFrontZ="3.186296" BevelRearX="1.160500" BevelRearZ="3.896296"/>
    <CollSpheres PosOffsetX="0.000000" PosOffsetY="0.000000" PosOffsetZ="0.000000" PosScale="1.000000" RadiusScale="1.000000">
      <Sphere0 Radius="0.340000" PosX="-0.513100" PosY="0.295000" PosZ="1.961600" Flags="2"/>
      <Sphere1 Radius="0.415000" PosX="-0.620099" PosY="0.359301" PosZ="1.291900" Flags="2"/>
      <Sphere2 Radius="0.435000" PosX="-0.593699" PosY="0.396701" PosZ="0.500704" Flags="2"/>
      <Sphere3 Radius="0.455000" PosX="-0.629500" PosY="0.410801" PosZ="-0.410196" Flags="2"/>
      <Sphere4 Radius="0.380000" PosX="-0.752100" PosY="0.371800" PosZ="-1.169100" Flags="2"/>
      <Sphere5 Radius="0.380000" PosX="-0.630199" PosY="0.431800" PosZ="-1.804800" Flags="2"/>
      <Sphere6 Radius="0.175000" PosX="-0.469699" PosY="0.914299" PosZ="-0.507696" Flags="2"/>
      <Sphere7 Radius="0.160000" PosX="-0.500000" PosY="0.913999" PosZ="0.399104" Flags="2"/>
      <Sphere8 Radius="0.380000" PosX="0.000000" PosY="0.290000" PosZ="2.083899" Flags="2"/>
      <Sphere9 Radius="0.435000" PosX="0.000000" PosY="0.405100" PosZ="-1.784500" Flags="2"/>
      <Sphere10 Radius="0.050000" PosX="-0.930800" PosY="0.074273" PosZ="2.342052" Flags="1"/>
      <Sphere11 Radius="0.050000" PosX="-0.950000" PosY="0.120422" PosZ="-2.024765" Flags="1"/>
      <Sphere12 Radius="0.050000" PosX="-0.950000" PosY="0.403549" PosZ="2.237240" Flags="1"/>
      <Sphere13 Radius="0.050000" PosX="-0.922935" PosY="0.727294" PosZ="-2.122669" Flags="1"/>
      <Sphere14 Radius="0.050000" PosX="-0.526387" PosY="0.975289" PosZ="0.295722" Flags="1"/>
      <Sphere15 Radius="0.050000" PosX="-0.506519" PosY="0.979553" PosZ="-0.509022" Flags="1"/>
      <Sphere16 Radius="0.050000" PosX="0.506519" PosY="0.979553" PosZ="-0.509022" Flags="1"/>
      <Sphere17 Radius="0.050000" PosX="0.526387" PosY="0.975289" PosZ="0.295722" Flags="1"/>
      <Sphere18 Radius="0.050000" PosX="0.922935" PosY="0.727294" PosZ="-2.122669" Flags="1"/>
      <Sphere19 Radius="0.050000" PosX="0.950000" PosY="0.403549" PosZ="2.237240" Flags="1"/>
      <Sphere20 Radius="0.050000" PosX="0.950000" PosY="0.120422" PosZ="-2.024765" Flags="1"/>
      <Sphere21 Radius="0.050000" PosX="0.930800" PosY="0.074273" PosZ="2.342052" Flags="1"/>
      <Sphere22 Radius="0.160000" PosX="0.500000" PosY="0.913999" PosZ="0.399104" Flags="2"/>
      <Sphere23 Radius="0.175000" PosX="0.469699" PosY="0.914299" PosZ="-0.507696" Flags="2"/>
      <Sphere24 Radius="0.380000" PosX="0.630199" PosY="0.431800" PosZ="-1.804800" Flags="2"/>
      <Sphere25 Radius="0.380000" PosX="0.752100" PosY="0.371800" PosZ="-1.169100" Flags="2"/>
      <Sphere26 Radius="0.455000" PosX="0.629500" PosY="0.410801" PosZ="-0.410196" Flags="2"/>
      <Sphere27 Radius="0.435000" PosX="0.593699" PosY="0.396701" PosZ="0.500704" Flags="2"/>
      <Sphere28 Radius="0.415000" PosX="0.620099" PosY="0.359301" PosZ="1.291900" Flags="2"/>
      <Sphere29 Radius="0.340000" PosX="0.513100" PosY="0.295000" PosZ="1.961600" Flags="2"/>
    </CollSpheres>
  </Collision>
</MAXData>