
<MAXData>
  <Misc Wheelbase="2.813691" FrontTrackOuter="1.854778" RearTrackOuter="1.896783" FrontStockRideHeight="0.193501" RearStockRideHeight="0.193327">
    <BottomCenterWheelbasePos x="0.000000" y="0.000000" z="0.065948"/>
  </Misc>
  <Collision>
    <BoundingBox MinX="-0.950500" MinY="-0.189999" MinZ="-2.376701" MaxX="0.950500" MaxY="1.217600" MaxZ="2.250095" BevelFrontX="1.250500" BevelFrontZ="3.806296" BevelRearX="1.170500" BevelRearZ="3.616296"/>
    <CollSpheres PosOffsetX="0.000000" PosOffsetY="0.000000" PosOffsetZ="0.000000" PosScale="1.000000" RadiusScale="1.000000">
      <Sphere0 Radius="0.265000" PosX="-0.615500" PosY="0.224300" PosZ="1.916595" Flags="2"/>
      <Sphere1 Radius="0.365000" PosX="-0.721099" PosY="0.197701" PosZ="1.305895" Flags="2"/>
      <Sphere2 Radius="0.395000" PosX="-0.731999" PosY="0.263901" PosZ="0.430004" Flags="2"/>
      <Sphere3 Radius="0.370000" PosX="-0.772000" PosY="0.360001" PosZ="-0.399996" Flags="2"/>
      <Sphere4 Radius="0.355000" PosX="-0.756700" PosY="0.360000" PosZ="-1.270103" Flags="2"/>
      <Sphere5 Radius="0.310000" PosX="-0.580599" PosY="0.415000" PosZ="-2.011803" Flags="2"/>
      <Sphere6 Radius="0.175000" PosX="-0.550499" PosY="1.035499" PosZ="-0.618796" Flags="2"/>
      <Sphere7 Radius="0.160000" PosX="-0.580800" PosY="1.004899" PosZ="0.136504" Flags="2"/>
      <Sphere8 Radius="0.175000" PosX="-0.509499" PosY="0.841800" PosZ="-1.598702" Flags="2"/>
      <Sphere9 Radius="0.350000" PosX="0.000000" PosY="0.209200" PosZ="1.945199" Flags="2"/>
      <Sphere10 Radius="0.410000" PosX="0.000000" PosY="0.405000" PosZ="-2.005498" Flags="2"/>
      <Sphere11 Radius="0.175000" PosX="0.509499" PosY="0.841800" PosZ="-1.598702" Flags="2"/>
      <Sphere12 Radius="0.160000" PosX="0.580800" PosY="1.004899" PosZ="0.136504" Flags="2"/>
      <Sphere13 Radius="0.175000" PosX="0.550499" PosY="1.035499" PosZ="-0.618796" Flags="2"/>
      <Sphere14 Radius="0.310000" PosX="0.580599" PosY="0.415000" PosZ="-2.011803" Flags="2"/>
      <Sphere15 Radius="0.355000" PosX="0.756700" PosY="0.360000" PosZ="-1.270103" Flags="2"/>
      <Sphere16 Radius="0.370000" PosX="0.772000" PosY="0.360001" PosZ="-0.399996" Flags="2"/>
      <Sphere17 Radius="0.395000" PosX="0.731999" PosY="0.263901" PosZ="0.430004" Flags="2"/>
      <Sphere18 Radius="0.365000" PosX="0.721099" PosY="0.197701" PosZ="1.305895" Flags="2"/>
      <Sphere19 Radius="0.265000" PosX="0.615500" PosY="0.224300" PosZ="1.916595" Flags="2"/>
      <Sphere20 Radius="0.050000" PosX="-0.900000" PosY="0.050000" PosZ="2.180000" Flags="1"/>
      <Sphere21 Radius="0.050000" PosX="0.900000" PosY="0.050000" PosZ="2.180000" Flags="1"/>
      <Sphere22 Radius="0.050000" PosX="0.900000" PosY="0.039182" PosZ="-2.361852" Flags="1"/>
      <Sphere23 Radius="0.050000" PosX="-0.900000" PosY="0.039182" PosZ="-2.361852" Flags="1"/>
      <Sphere24 Radius="0.050000" PosX="-0.900000" PosY="0.535469" PosZ="2.169909" Flags="1"/>
      <Sphere25 Radius="0.050000" PosX="0.895279" PosY="0.535284" PosZ="2.170545" Flags="1"/>
      <Sphere26 Radius="0.050000" PosX="0.898937" PosY="0.820777" PosZ="-2.204499" Flags="1"/>
      <Sphere27 Radius="0.050000" PosX="-0.894887" PosY="0.820595" PosZ="-2.205350" Flags="1"/>
      <Sphere28 Radius="0.050000" PosX="-0.616999" PosY="1.150121" PosZ="0.025975" Flags="1"/>
      <Sphere29 Radius="0.050000" PosX="0.585279" PosY="1.160000" PosZ="0.031996" Flags="1"/>
      <Sphere30 Radius="0.050000" PosX="0.585279" PosY="1.160000" PosZ="-0.624093" Flags="1"/>
      <Sphere31 Radius="0.050000" PosX="-0.593099" PosY="1.159627" PosZ="-0.626429" Flags="1"/>
    </CollSpheres>
  </Collision>
</MAXData>