
<MAXData>
  <Misc Wheelbase="2.665037" FrontTrackOuter="1.889354" RearTrackOuter="2.008760" FrontStockRideHeight="0.138957" RearStockRideHeight="0.152184">
    <BottomCenterWheelbasePos x="0.000000" y="0.000000" z="-0.047502"/>
  </Misc>
  <Collision>
    <BoundingBox MinX="-0.997799" MinY="-0.135799" MinZ="-2.232903" MaxX="0.997799" MaxY="1.029299" MaxZ="2.315295" BevelFrontX="1.287799" BevelFrontZ="3.400398" BevelRearX="1.917798" BevelRearZ="3.080399"/>
    <CollSpheres PosOffsetX="0.000000" PosOffsetY="0.000000" PosOffsetZ="0.000000" PosScale="0.920000" RadiusScale="1.524999">
      <Sphere0 Radius="0.350000" PosX="0.000000" PosY="0.290000" PosZ="1.945199" Flags="2"/>
      <Sphere1 Radius="0.350000" PosX="0.000000" PosY="0.506000" PosZ="-1.793698" Flags="2"/>
      <Sphere2 Radius="0.175000" PosX="0.559999" PosY="0.801500" PosZ="-1.859602" Flags="2"/>
      <Sphere3 Radius="0.160000" PosX="0.489900" PosY="0.883699" PosZ="0.439504" Flags="2"/>
      <Sphere4 Radius="0.175000" PosX="0.419199" PosY="0.914299" PosZ="-0.467296" Flags="2"/>
      <Sphere5 Radius="0.305000" PosX="0.802799" PosY="0.415000" PosZ="-1.617903" Flags="2"/>
      <Sphere6 Radius="0.355000" PosX="0.716300" PosY="0.501400" PosZ="-1.310503" Flags="2"/>
      <Sphere7 Radius="0.370000" PosX="0.852800" PosY="0.360001" PosZ="-0.399996" Flags="2"/>
      <Sphere8 Radius="0.330000" PosX="0.853199" PosY="0.294201" PosZ="0.618904" Flags="2"/>
      <Sphere9 Radius="0.315000" PosX="0.741299" PosY="0.430001" PosZ="1.376595" Flags="2"/>
      <Sphere10 Radius="0.285000" PosX="0.686200" PosY="0.295000" PosZ="1.845895" Flags="2"/>
      <Sphere11 Radius="0.285000" PosX="-0.686200" PosY="0.295000" PosZ="1.845895" Flags="2"/>
      <Sphere12 Radius="0.315000" PosX="-0.741299" PosY="0.430001" PosZ="1.376595" Flags="2"/>
      <Sphere13 Radius="0.330000" PosX="-0.853199" PosY="0.294201" PosZ="0.618904" Flags="2"/>
      <Sphere14 Radius="0.370000" PosX="-0.852800" PosY="0.360001" PosZ="-0.399996" Flags="2"/>
      <Sphere15 Radius="0.355000" PosX="-0.716300" PosY="0.501400" PosZ="-1.310503" Flags="2"/>
      <Sphere16 Radius="0.305000" PosX="-0.802799" PosY="0.415000" PosZ="-1.617903" Flags="2"/>
      <Sphere17 Radius="0.175000" PosX="-0.419199" PosY="0.914299" PosZ="-0.467296" Flags="2"/>
      <Sphere18 Radius="0.160000" PosX="-0.489900" PosY="0.883699" PosZ="0.439504" Flags="2"/>
      <Sphere19 Radius="0.175000" PosX="-0.559999" PosY="0.801500" PosZ="-1.859602" Flags="2"/>
      <Sphere20 Radius="0.050000" PosX="-0.972664" PosY="0.053074" PosZ="2.210645" Flags="1"/>
      <Sphere21 Radius="0.050000" PosX="0.975799" PosY="0.054911" PosZ="2.210000" Flags="1"/>
      <Sphere22 Radius="0.050000" PosX="0.935799" PosY="0.054911" PosZ="-2.150000" Flags="1"/>
      <Sphere23 Radius="0.050000" PosX="-0.933342" PosY="0.053030" PosZ="-2.150000" Flags="1"/>
      <Sphere24 Radius="0.050000" PosX="-1.019431" PosY="0.417688" PosZ="2.198824" Flags="1"/>
      <Sphere25 Radius="0.050000" PosX="1.006927" PosY="0.416737" PosZ="2.201676" Flags="1"/>
      <Sphere26 Radius="0.050000" PosX="0.965911" PosY="0.730502" PosZ="-2.144265" Flags="1"/>
      <Sphere27 Radius="0.050000" PosX="-0.965717" PosY="0.730027" PosZ="-2.146553" Flags="1"/>
      <Sphere28 Radius="0.050000" PosX="-0.415429" PosY="1.024873" PosZ="0.354032" Flags="1"/>
      <Sphere29 Radius="0.050000" PosX="0.386354" PosY="1.029095" PosZ="0.364603" Flags="1"/>
      <Sphere30 Radius="0.050000" PosX="0.386354" PosY="1.049366" PosZ="-0.607921" Flags="1"/>
      <Sphere31 Radius="0.050000" PosX="-0.394464" PosY="1.049094" PosZ="-0.609232" Flags="1"/>
    </CollSpheres>
  </Collision>
</MAXData>