
<MAXData>
  <Misc Wheelbase="2.665000" FrontTrackOuter="1.698349" RearTrackOuter="1.704349" FrontStockRideHeight="0.106630" RearStockRideHeight="0.106630">
    <BottomCenterWheelbasePos x="0.000000" y="0.000000" z="0.125575"/>
  </Misc>
  <Collision>
    <BoundingBox MinX="-0.831699" MinY="-0.0283989" MinZ="-2.324500" MaxX="0.831699" MaxY="1.216801" MaxZ="2.074895" BevelFrontX="0.501699" BevelFrontZ="4.117698" BevelRearX="1.451699" BevelRearZ="3.317696"/>
    <CollSpheres PosOffsetX="0.000000" PosOffsetY="0.000000" PosOffsetZ="0.000000" PosScale="1.000000" RadiusScale="1.000000">
      <Sphere0 Radius="0.385000" PosX="0.000000" PosY="0.213100" PosZ="1.715798" Flags="2"/>
      <Sphere1 Radius="0.350000" PosX="-0.528500" PosY="0.315000" PosZ="1.646995" Flags="2"/>
      <Sphere2 Radius="0.395000" PosX="-0.497399" PosY="0.307201" PosZ="1.289195" Flags="2"/>
      <Sphere3 Radius="0.555000" PosX="-0.337599" PosY="0.506301" PosZ="0.460304" Flags="2"/>
      <Sphere4 Radius="0.555000" PosX="-0.324100" PosY="0.541801" PosZ="-0.612096" Flags="2"/>
      <Sphere5 Radius="0.500000" PosX="-0.382700" PosY="0.460900" PosZ="-1.472103" Flags="2"/>
      <Sphere6 Radius="0.395000" PosX="-0.457299" PosY="0.434200" PosZ="-1.965804" Flags="2"/>
      <Sphere7 Radius="0.175000" PosX="-0.515799" PosY="1.112599" PosZ="-1.123996" Flags="2"/>
      <Sphere8 Radius="0.160000" PosX="-0.467500" PosY="1.126299" PosZ="0.136404" Flags="2"/>
      <Sphere9 Radius="0.165000" PosX="-0.511499" PosY="1.004300" PosZ="-2.185099" Flags="2"/>
      <Sphere10 Radius="0.455000" PosX="-0.000000" PosY="0.426600" PosZ="-1.928697" Flags="2"/>
      <Sphere11 Radius="0.050000" PosX="-0.789119" PosY="0.046980" PosZ="2.011322" Flags="1"/>
      <Sphere12 Radius="0.050000" PosX="-0.788605" PosY="0.088544" PosZ="-2.290000" Flags="1"/>
      <Sphere13 Radius="0.050000" PosX="-0.760448" PosY="0.585685" PosZ="1.893315" Flags="1"/>
      <Sphere14 Radius="0.050000" PosX="-0.748663" PosY="1.054773" PosZ="-2.288377" Flags="1"/>
      <Sphere15 Radius="0.050000" PosX="-0.497642" PosY="1.209270" PosZ="0.034716" Flags="1"/>
      <Sphere16 Radius="0.050000" PosX="-0.480664" PosY="1.179804" PosZ="-0.999604" Flags="1"/>
      <Sphere17 Radius="0.050000" PosX="0.480664" PosY="1.179804" PosZ="-0.999604" Flags="1"/>
      <Sphere18 Radius="0.050000" PosX="0.497642" PosY="1.209270" PosZ="0.034716" Flags="1"/>
      <Sphere19 Radius="0.050000" PosX="0.748663" PosY="1.054773" PosZ="-2.288377" Flags="1"/>
      <Sphere20 Radius="0.050000" PosX="0.760448" PosY="0.585685" PosZ="1.893315" Flags="1"/>
      <Sphere21 Radius="0.050000" PosX="0.788605" PosY="0.088544" PosZ="-2.290000" Flags="1"/>
      <Sphere22 Radius="0.050000" PosX="0.789119" PosY="0.046980" PosZ="2.011322" Flags="1"/>
      <Sphere23 Radius="0.165000" PosX="0.511499" PosY="1.004300" PosZ="-2.185099" Flags="2"/>
      <Sphere24 Radius="0.160000" PosX="0.467500" PosY="1.126299" PosZ="0.136404" Flags="2"/>
      <Sphere25 Radius="0.175000" PosX="0.515799" PosY="1.112599" PosZ="-1.123996" Flags="2"/>
      <Sphere26 Radius="0.395000" PosX="0.457299" PosY="0.434200" PosZ="-1.965804" Flags="2"/>
      <Sphere27 Radius="0.500000" PosX="0.382700" PosY="0.460900" PosZ="-1.472103" Flags="2"/>
      <Sphere28 Radius="0.555000" PosX="0.324100" PosY="0.541801" PosZ="-0.612096" Flags="2"/>
      <Sphere29 Radius="0.555000" PosX="0.337599" PosY="0.506301" PosZ="0.460304" Flags="2"/>
      <Sphere30 Radius="0.395000" PosX="0.497399" PosY="0.307201" PosZ="1.289195" Flags="2"/>
      <Sphere31 Radius="0.350000" PosX="0.528500" PosY="0.315000" PosZ="1.646995" Flags="2"/>
    </CollSpheres>
  </Collision>
</MAXData>