
<MAXData>
  <Misc Wheelbase="2.524986" FrontTrackOuter="1.649806" RearTrackOuter="1.649807" FrontStockRideHeight="0.197695" RearStockRideHeight="0.197697">
    <BottomCenterWheelbasePos x="0.000000" y="0.000000" z="0.050549"/>
  </Misc>
  <Collision>
    <BoundingBox MinX="-0.829999" MinY="-0.203799" MinZ="-2.169403" MaxX="0.829999" MaxY="1.114799" MaxZ="2.053395" BevelFrontX="0.979999" BevelFrontZ="3.852798" BevelRearX="1.359999" BevelRearZ="3.212799"/>
    <CollSpheres PosOffsetX="0.000000" PosOffsetY="0.000000" PosOffsetZ="0.000000" PosScale="1.035000" RadiusScale="1.000000">
      <Sphere0 Radius="0.370000" PosX="0.000100" PosY="0.310800" PosZ="1.604599" Flags="2"/>
      <Sphere1 Radius="0.370000" PosX="0.000000" PosY="0.405000" PosZ="-1.703898" Flags="2"/>
      <Sphere2 Radius="0.330000" PosX="-0.436700" PosY="0.354300" PosZ="1.563395" Flags="2"/>
      <Sphere3 Radius="0.390000" PosX="-0.446699" PosY="0.390601" PosZ="1.073595" Flags="2"/>
      <Sphere4 Radius="0.500000" PosX="-0.344399" PosY="0.416201" PosZ="0.353403" Flags="2"/>
      <Sphere5 Radius="0.525000" PosX="-0.343900" PosY="0.430001" PosZ="-0.450496" Flags="2"/>
      <Sphere6 Radius="0.415000" PosX="-0.427700" PosY="0.450900" PosZ="-1.162302" Flags="2"/>
      <Sphere7 Radius="0.360000" PosX="-0.443099" PosY="0.344400" PosZ="-1.689403" Flags="2"/>
      <Sphere8 Radius="0.130000" PosX="-0.479799" PosY="0.974899" PosZ="-0.830896" Flags="2"/>
      <Sphere9 Radius="0.120000" PosX="-0.530200" PosY="0.994799" PosZ="0.075604" Flags="2"/>
      <Sphere10 Radius="0.140000" PosX="-0.549899" PosY="0.730900" PosZ="-1.839202" Flags="2"/>
      <Sphere11 Radius="0.050000" PosX="-0.790000" PosY="0.033969" PosZ="1.969312" Flags="1"/>
      <Sphere12 Radius="0.050000" PosX="-0.790000" PosY="0.056909" PosZ="-2.100656" Flags="1"/>
      <Sphere13 Radius="0.050000" PosX="-0.790000" PosY="0.430018" PosZ="2.026098" Flags="1"/>
      <Sphere14 Radius="0.050000" PosX="-0.789967" PosY="0.654988" PosZ="-2.083992" Flags="1"/>
      <Sphere15 Radius="0.050000" PosX="-0.519982" PosY="1.018970" PosZ="0.066074" Flags="1"/>
      <Sphere16 Radius="0.050000" PosX="-0.520056" PosY="1.017011" PosZ="-0.792730" Flags="1"/>
      <Sphere17 Radius="0.050000" PosX="-0.737656" PosY="0.034311" PosZ="0.828770" Flags="1"/>
      <Sphere18 Radius="0.050000" PosX="-0.737657" PosY="0.026211" PosZ="-0.822730" Flags="1"/>
      <Sphere19 Radius="0.050000" PosX="0.737657" PosY="0.026211" PosZ="-0.822730" Flags="1"/>
      <Sphere20 Radius="0.050000" PosX="0.737656" PosY="0.034311" PosZ="0.828770" Flags="1"/>
      <Sphere21 Radius="0.050000" PosX="0.520056" PosY="1.017011" PosZ="-0.792730" Flags="1"/>
      <Sphere22 Radius="0.050000" PosX="0.519982" PosY="1.018970" PosZ="0.066074" Flags="1"/>
      <Sphere23 Radius="0.050000" PosX="0.789967" PosY="0.654988" PosZ="-2.083992" Flags="1"/>
      <Sphere24 Radius="0.050000" PosX="0.790000" PosY="0.433919" PosZ="2.026098" Flags="1"/>
      <Sphere25 Radius="0.050000" PosX="0.790000" PosY="0.056909" PosZ="-2.100656" Flags="1"/>
      <Sphere26 Radius="0.050000" PosX="0.790000" PosY="0.033969" PosZ="1.969312" Flags="1"/>
      <Sphere27 Radius="0.140000" PosX="0.549899" PosY="0.730900" PosZ="-1.839202" Flags="2"/>
      <Sphere28 Radius="0.120000" PosX="0.530200" PosY="0.994799" PosZ="0.075604" Flags="2"/>
      <Sphere29 Radius="0.130000" PosX="0.479799" PosY="0.974899" PosZ="-0.830896" Flags="2"/>
      <Sphere30 Radius="0.360000" PosX="0.443099" PosY="0.344400" PosZ="-1.689403" Flags="2"/>
      <Sphere31 Radius="0.415000" PosX="0.427700" PosY="0.450900" PosZ="-1.162302" Flags="2"/>
      <Sphere32 Radius="0.525000" PosX="0.343900" PosY="0.430001" PosZ="-0.450496" Flags="2"/>
      <Sphere33 Radius="0.500000" PosX="0.344399" PosY="0.416201" PosZ="0.353403" Flags="2"/>
      <Sphere34 Radius="0.390000" PosX="0.446699" PosY="0.390601" PosZ="1.073595" Flags="2"/>
      <Sphere35 Radius="0.330000" PosX="0.436700" PosY="0.354300" PosZ="1.563395" Flags="2"/>
    </CollSpheres>
  </Collision>
</MAXData>