<MAXData>
  <Misc Wheelbase="2.564677" FrontTrackOuter="1.915002" RearTrackOuter="1.989824" FrontStockRideHeight="0.080189" RearStockRideHeight="0.081283">
    <BottomCenterWheelbasePos x="0.000000" y="0.000000" z="-0.046391" />
  </Misc>
  <Collision>
    <BoundingBox MinX="-0.983099" MinY="-0.082601" MinZ="-2.241801" MaxX="0.983099" MaxY="1.051900" MaxZ="2.259195" BevelFrontX="1.243099" BevelFrontZ="3.627897" BevelRearX="1.813098" BevelRearZ="3.507897" />
    <CollSpheres PosOffsetX="0.000000" PosOffsetY="0.000000" PosOffsetZ="0.000000" PosScale="1.000000" RadiusScale="1.000000">
      <Sphere0 Radius="0.27" PosX="0.0001" PosY="0.0779" PosZ="1.912579" Flags="2" />
      <Sphere1 Radius="0.305" PosX="0" PosY="0.3545" PosZ="-1.876918" Flags="2" />
      <Sphere2 Radius="0.16" PosX="0.873099" PosY="0.8519" PosZ="-2.084121" Flags="2" />
      <Sphere3 Radius="0.16" PosX="0.3788" PosY="0.802899" PosZ="0.4876845" Flags="2" />
      <Sphere4 Radius="0.175" PosX="0.287899" PosY="0.772899" PosZ="-0.4696156" Flags="2" />
      <Sphere5 Radius="0.355" PosX="0.550299" PosY="0.2938" PosZ="-1.741423" Flags="2" />
      <Sphere6 Radius="0.34" PosX="0.8266" PosY="0.4206" PosZ="-1.285822" Flags="2" />
      <Sphere7 Radius="0.32" PosX="0.8819" PosY="0.287801" PosZ="-0.4730155" Flags="2" />
      <Sphere8 Radius="0.315" PosX="0.8444991" PosY="0.2683277" PosZ="0.5025835" Flags="2" />
      <Sphere9 Radius="0.315" PosX="0.753099" PosY="0.461301" PosZ="1.293476" Flags="2" />
      <Sphere10 Radius="0.305" PosX="0.6808" PosY="0.2634" PosZ="1.711875" Flags="2" />
      <Sphere11 Radius="0.05" PosX="0.919576" PosY="0.005764" PosZ="2.29312" Flags="1" />
      <Sphere12 Radius="0.05" PosX="0.969576" PosY="-0.01625258" PosZ="-2.21232" Flags="1" />
      <Sphere13 Radius="0.05" PosX="0.920006" PosY="0.502052" PosZ="1.943225" Flags="1" />
      <Sphere14 Radius="0.05" PosX="0.958768" PosY="0.933436" PosZ="-2.210216" Flags="1" />
      <Sphere15 Radius="0.05" PosX="0.239261" PosY="0.991545" PosZ="0.4143115" Flags="1" />
      <Sphere16 Radius="0.05" PosX="0.239261" PosY="0.999989" PosZ="-0.1910606" Flags="1" />
      <Sphere17 Radius="0.05" PosX="-0.239261" PosY="0.999989" PosZ="-0.1910606" Flags="1" />
      <Sphere18 Radius="0.05" PosX="-0.239261" PosY="0.991545" PosZ="0.4143115" Flags="1" />
      <Sphere19 Radius="0.05" PosX="-0.958768" PosY="0.933436" PosZ="-2.210216" Flags="1" />
      <Sphere20 Radius="0.05" PosX="-0.920006" PosY="0.502052" PosZ="1.943225" Flags="1" />
      <Sphere21 Radius="0.05" PosX="-0.969576" PosY="-0.01625258" PosZ="-2.21232" Flags="1" />
      <Sphere22 Radius="0.05" PosX="-0.919576" PosY="0.005764" PosZ="2.29312" Flags="1" />
      <Sphere23 Radius="0.305" PosX="-0.6808" PosY="0.2634" PosZ="1.711875" Flags="2" />
      <Sphere24 Radius="0.315" PosX="-0.753099" PosY="0.461301" PosZ="1.293476" Flags="2" />
      <Sphere25 Radius="0.315" PosX="-0.8444991" PosY="0.2683277" PosZ="0.5025835" Flags="2" />
      <Sphere26 Radius="0.32" PosX="-0.8819" PosY="0.287801" PosZ="-0.4730155" Flags="2" />
      <Sphere27 Radius="0.34" PosX="-0.8266" PosY="0.4206" PosZ="-1.285822" Flags="2" />
      <Sphere28 Radius="0.355" PosX="-0.550299" PosY="0.2938" PosZ="-1.741423" Flags="2" />
      <Sphere29 Radius="0.175" PosX="-0.287899" PosY="0.772899" PosZ="-0.4696156" Flags="2" />
      <Sphere30 Radius="0.16" PosX="-0.3788" PosY="0.802899" PosZ="0.4876845" Flags="2" />
      <Sphere31 Radius="0.16" PosX="-0.873099" PosY="0.8519" PosZ="-2.084121" Flags="2" />
      <Sphere32 Radius="0.05" PosX="-0.9695759" PosY="-0.02243427" PosZ="-0.9428326" Flags="1" />
      <Sphere33 Radius="0.05" PosX="0.9695761" PosY="-0.02243427" PosZ="-0.9428326" Flags="1" />
      <Sphere34 Radius="0.05" PosX="-0.9695758" PosY="-0.02243419" PosZ="0.9866771" Flags="1" />
      <Sphere35 Radius="0.05" PosX="0.9695762" PosY="-0.02243419" PosZ="0.9866771" Flags="1" />
    </CollSpheres>
  </Collision>
</MAXData>