
<MAXData>
  <Misc Wheelbase="2.818457" FrontTrackOuter="1.912143" RearTrackOuter="1.912143" FrontStockRideHeight="0.116383" RearStockRideHeight="0.116383">
    <BottomCenterWheelbasePos x="0.000000" y="0.000000" z="0.035557"/>
  </Misc>
  <Collision>
    <BoundingBox MinX="-0.930500" MinY="-0.069999" MinZ="-2.346701" MaxX="0.920500" MaxY="1.237600" MaxZ="2.110095" BevelFrontX="1.250500" BevelFrontZ="3.806296" BevelRearX="1.170500" BevelRearZ="3.616296"/>
    <CollSpheres PosOffsetX="0.000000" PosOffsetY="0.000000" PosOffsetZ="0.000000" PosScale="1.000000" RadiusScale="1.000000">
      <Sphere0 Radius="0.315000" PosX="-0.665200" PosY="0.189300" PosZ="1.898995" Flags="2"/>
      <Sphere1 Radius="0.400000" PosX="-0.721099" PosY="0.197701" PosZ="1.196995" Flags="2"/>
      <Sphere2 Radius="0.430000" PosX="-0.731999" PosY="0.263901" PosZ="0.425204" Flags="2"/>
      <Sphere3 Radius="0.430000" PosX="-0.772000" PosY="0.360001" PosZ="-0.467796" Flags="2"/>
      <Sphere4 Radius="0.435000" PosX="-0.756700" PosY="0.360000" PosZ="-1.320003" Flags="2"/>
      <Sphere5 Radius="0.330000" PosX="-0.642099" PosY="0.375700" PosZ="-1.969102" Flags="2"/>
      <Sphere6 Radius="0.175000" PosX="-0.550499" PosY="1.035499" PosZ="-0.674896" Flags="2"/>
      <Sphere7 Radius="0.160000" PosX="-0.580800" PosY="1.045099" PosZ="0.086104" Flags="2"/>
      <Sphere8 Radius="0.175000" PosX="-0.772099" PosY="1.074800" PosZ="-2.082802" Flags="2"/>
      <Sphere9 Radius="0.360000" PosX="0.000000" PosY="0.188900" PosZ="1.945199" Flags="2"/>
      <Sphere10 Radius="0.415000" PosX="0.000000" PosY="0.491800" PosZ="-2.005498" Flags="2"/>
      <Sphere11 Radius="0.050000" PosX="-0.850384" PosY="0.048947" PosZ="2.068162" Flags="1"/>
      <Sphere12 Radius="0.050000" PosX="-0.889912" PosY="0.049743" PosZ="-2.279838" Flags="1"/>
      <Sphere13 Radius="0.050000" PosX="-0.848410" PosY="0.524669" PosZ="2.048034" Flags="1"/>
      <Sphere14 Radius="0.050000" PosX="-0.875697" PosY="1.049445" PosZ="-2.273660" Flags="1"/>
      <Sphere15 Radius="0.050000" PosX="-0.696343" PosY="1.193894" PosZ="0.058748" Flags="1"/>
      <Sphere16 Radius="0.050000" PosX="-0.674567" PosY="1.199810" PosZ="-0.876303" Flags="1"/>
      <Sphere17 Radius="0.050000" PosX="0.674567" PosY="1.199810" PosZ="-0.876303" Flags="1"/>
      <Sphere18 Radius="0.050000" PosX="0.696343" PosY="1.193894" PosZ="0.058748" Flags="1"/>
      <Sphere19 Radius="0.050000" PosX="0.875697" PosY="1.049445" PosZ="-2.273660" Flags="1"/>
      <Sphere20 Radius="0.050000" PosX="0.848410" PosY="0.524669" PosZ="2.048034" Flags="1"/>
      <Sphere21 Radius="0.050000" PosX="0.889912" PosY="0.049743" PosZ="-2.279838" Flags="1"/>
      <Sphere22 Radius="0.050000" PosX="0.850384" PosY="0.048947" PosZ="2.068162" Flags="1"/>
      <Sphere23 Radius="0.175000" PosX="0.772099" PosY="1.074800" PosZ="-2.082802" Flags="2"/>
      <Sphere24 Radius="0.160000" PosX="0.580800" PosY="1.045099" PosZ="0.086104" Flags="2"/>
      <Sphere25 Radius="0.175000" PosX="0.550499" PosY="1.035499" PosZ="-0.674896" Flags="2"/>
      <Sphere26 Radius="0.330000" PosX="0.642099" PosY="0.375700" PosZ="-1.969102" Flags="2"/>
      <Sphere27 Radius="0.435000" PosX="0.756700" PosY="0.360000" PosZ="-1.320003" Flags="2"/>
      <Sphere28 Radius="0.430000" PosX="0.772000" PosY="0.360001" PosZ="-0.467796" Flags="2"/>
      <Sphere29 Radius="0.430000" PosX="0.731999" PosY="0.263901" PosZ="0.425204" Flags="2"/>
      <Sphere30 Radius="0.400000" PosX="0.721099" PosY="0.197701" PosZ="1.196995" Flags="2"/>
      <Sphere31 Radius="0.315000" PosX="0.665200" PosY="0.189300" PosZ="1.898995" Flags="2"/>
    </CollSpheres>
  </Collision>
</MAXData>