<CarAttributes Version="15">
  <DriverHandsSteeringWheelOverride value="0.000000" />
  <Use10_2Animations value="0" />
  <SteeringWheelAngleOverride value="0.000000" />
  <CockpitNearPlane value="0.100000" />
  <DriverHandsOffset value.x="0.367533" value.y="0.190286" value.z="0.134382" value.w="0.000000" />
  <DriverHandsScale value="1.000000" />
  <CockpitShadowScale value="0.500000" />
  <Gauges>
    <Speed NumTicks="6">
      <TickMark Param="0.000000" Value="0.000000" />
      <TickMark Param="0.195000" Value="11.176000" />
      <TickMark Param="0.430000" Value="22.351999" />
      <TickMark Param="0.665000" Value="33.528000" />
      <TickMark Param="0.789999" Value="41.574718" />
      <TickMark Param="1.000000" Value="50.515518" />
    </Speed>
    <Tach NumTicks="5">
      <TickMark Param="0.000000" Value="0.000000" />
      <TickMark Param="0.175000" Value="2000.000000" />
      <TickMark Param="0.400000" Value="4000.000000" />
      <TickMark Param="0.759999" Value="7000.000000" />
      <TickMark Param="1.000000" Value="9000.000000" />
    </Tach>
    <Fuel NumTicks="0" />
    <Boost NumTicks="3">
      <TickMark Param="0.000000" Value="-9.999983" />
      <TickMark Param="0.440000" Value="-0.099983" />
      <TickMark Param="1.000000" Value="14.200021" />
    </Boost>
  </Gauges>
  <CarDebris>
    <Mechanical MaxDropCount_DamageCosmetic="1000" MaxDropCount_DamageLimited="1000" MaxDropCount_DamageFull="1000" MinDropForce="1.000000" MaxDropForce="100.000000" Area="" />
    <Fiber MaxDropCount_DamageCosmetic="1000" MaxDropCount_DamageLimited="1000" MaxDropCount_DamageFull="1000" MinDropForce="1.000000" MaxDropForce="100.000000" Area="" />
    <Frame MaxDropCount_DamageCosmetic="1000" MaxDropCount_DamageLimited="1000" MaxDropCount_DamageFull="1000" MinDropForce="1.000000" MaxDropForce="100.000000" Area="" />
    <Crumb MaxDropCount_DamageCosmetic="1000" MaxDropCount_DamageLimited="1000" MaxDropCount_DamageFull="1000" MinDropForce="1.000000" MaxDropForce="100.000000" Area="" />
  </CarDebris>
  <Damage Version="3" value="1.000000">
    <DamageScalars speed="33.000000" radius="1.299999" damage="1.400000" />
    <DamageScalars speed="62.000000" radius="1.700000" damage="1.800000" />
    <DamageScalars speed="98.000000" radius="3.200000" damage="2.000000" />
    <PartDropValues>
      <partDrop partName="bumperR" dropValue="0.300000" />
      <partDrop partName="exhaust" dropValue="0.400000" />
      <partDrop partName="mirrorL" dropValue="0.100000" />
      <partDrop partName="mirrorR" dropValue="0.100000" />
      <partDrop partName="wing" dropValue="0.300000" />
    </PartDropValues>
    <PartDropGlobalScalar value="1.000000" />
    <DamageScrape ScrapeMinSpeed="0.020000" ScrapeMaxSpeed="4.000000" ScrapeRadius="1.300000" ScrapeDamage="0.250000" DamageBias="0.750000" ScrapeBias="0.700000" GlassDamageCausingBreak="0.005000" />
  </Damage>
  <Tires FrontTireScale="1.000000" RearTireScale="1.000000" />
  <Driver Version="6" BodyLean="0.000000" ButtOffset.x="0.000000" ButtOffset.y="0.000000" ButtOffset.z="-0.08" ButtOffset.w="0.000000" BodyScale="1.000000" LeftHandOffset.x="-0.010000" LeftHandOffset.y="-0.060000" LeftHandOffset.z="0.030000" LeftHandOffset.w="0.000000" RightHandOffset.x="0.010000" RightHandOffset.y="-0.060000" RightHandOffset.z="0.000000" RightHandOffset.w="0.000000" ShifterOffset.x="0.000000" ShifterOffset.y="0.000000" ShifterOffset.z="0.000000" ShifterOffset.w="0.000000" HandBrakeOffset.x="0.000000" HandBrakeOffset.y="0.000000" HandBrakeOffset.z="0.000000" HandBrakeOffset.w="0.000000" HasPaddleShifter="0" HasNoHandBrake="0" ForwardAccelerationScale="0.500000" LateralAccelerationScale="1.000000" IKGuideScale.x="2.000000" IKGuideScale.y="1.000000" IKGuideScale.z="-2.000000" IKGuideScale.w="0.000000" IKGuideTranslation.x="0.000000" IKGuideTranslation.y="-0.500000" IKGuideTranslation.z="0.000000" IKGuideTranslation.w="0.000000" ButtOffsetLOD0.x="0.000000" ButtOffsetLOD0.y="0.000000" ButtOffsetLOD0.z="0.000000" ButtOffsetLOD0.w="0.000000" LeftHandOffsetLOD0.x="0.000000" LeftHandOffsetLOD0.y="0.000000" LeftHandOffsetLOD0.z="0.000000" LeftHandOffsetLOD0.w="0.000000" RightHandOffsetLOD0.x="0.000000" RightHandOffsetLOD0.y="0.000000" RightHandOffsetLOD0.z="0.000000" RightHandOffsetLOD0.w="0.000000" />
  <General OpenCockpit="0" />
</CarAttributes>