<ShaderSettings>
    <cockpit_bump_leather>
        <CockpitNormalScale value="2.0000" />
    </cockpit_bump_leather>
    <tail_light>
        <PaintScale value="0.300000" />
        <BrakeColor a="0.000000" b="0.000000" g="0.000000" r="1.000000" />
    </tail_light>
    <tail_light2>
        <PaintScale value="6.000000" />
        <BrakeColor a="0.000000" b="0.000000" g="0.000000" r="3.500000" />
    </tail_light2>
    <tail_light_lod0>
        <PaintScale value="0.300000" />
        <BrakeColor a="0.000000" b="0.000000" g="0.000000" r="1.000000" />
    </tail_light_lod0>
    <detail_glass_red>
        <DarkValues value="0.143" />
    </detail_glass_red>
    <detail_glass_amber>
        <GlassColor r="0.02624122" g="0.3049873" b="0" a="0.8" />
    </detail_glass_amber>
    <detail_glass_clear>
        <GlassColor r="0.3419144" g="0.3371637" b="0.3371637" a="0.6" />
    </detail_glass_clear>
  <lights_glass>
    <GlassColor r="0.9" g="0.9" b="0.9" a="0.75" />
  </lights_glass>
  <head_light>
    <PaintScale value="0.7" />
  </head_light>
  <misc>
    <PaintScale value="1.1" />
  </misc>

  <cockpit_gauge_emissive>
    <CockpitPlasticPaintScale value="0.400000"/>
  </cockpit_gauge_emissive>
  
</ShaderSettings>
