
<MAXData>
  <Misc Wheelbase="2.531749" FrontTrackOuter="1.930811" RearTrackOuter="1.864485" FrontStockRideHeight="0.102085" RearStockRideHeight="0.102090">
    <BottomCenterWheelbasePos x="0.000000" y="0.000000" z="-0.059139"/>
  </Misc>
  <Collision>
    <BoundingBox MinX="-0.943099" MinY="-0.102600" MinZ="-2.351801" MaxX="0.943099" MaxY="1.101900" MaxZ="2.389195" BevelFrontX="1.183099" BevelFrontZ="3.447897" BevelRearX="1.683099" BevelRearZ="3.477896"/>
    <CollSpheres PosOffsetX="0.000000" PosOffsetY="0.000000" PosOffsetZ="0.000000" PosScale="1.000000" RadiusScale="1.000000">
      <Sphere0 Radius="0.393526" PosX="0.000000" PosY="0.354500" PosZ="-1.932049" Flags="2"/>
      <Sphere1 Radius="0.420084" PosX="0.000000" PosY="0.290750" PosZ="1.949299" Flags="2"/>
      <Sphere2 Radius="0.282716" PosX="-0.521415" PosY="0.461301" PosZ="1.955151" Flags="2"/>
      <Sphere3 Radius="0.175000" PosX="-0.351970" PosY="0.804333" PosZ="-0.694885" Flags="2"/>
      <Sphere4 Radius="0.160000" PosX="-0.403993" PosY="0.837550" PosZ="0.097248" Flags="2"/>
      <Sphere5 Radius="0.160000" PosX="-0.729901" PosY="0.844551" PosZ="-2.110820" Flags="2"/>
      <Sphere6 Radius="0.474702" PosX="-0.563615" PosY="0.353510" PosZ="1.283210" Flags="2"/>
      <Sphere7 Radius="0.474702" PosX="-0.563615" PosY="0.353510" PosZ="0.384333" Flags="2"/>
      <Sphere8 Radius="0.474702" PosX="-0.563615" PosY="0.353510" PosZ="-0.499953" Flags="2"/>
      <Sphere9 Radius="0.474702" PosX="-0.567750" PosY="0.353510" PosZ="-1.378830" Flags="2"/>
      <Sphere10 Radius="0.393526" PosX="-0.580773" PosY="0.354500" PosZ="-1.887550" Flags="2"/>
      <Sphere11 Radius="0.050000" PosX="-0.920000" PosY="0.050000" PosZ="2.320000" Flags="1"/>
      <Sphere12 Radius="0.050000" PosX="-0.920000" PosY="0.050000" PosZ="-2.250000" Flags="1"/>
      <Sphere13 Radius="0.050000" PosX="-0.920000" PosY="0.378919" PosZ="2.308793" Flags="1"/>
      <Sphere14 Radius="0.050000" PosX="-0.909258" PosY="0.792996" PosZ="-2.249226" Flags="1"/>
      <Sphere15 Radius="0.050000" PosX="-0.408678" PosY="1.080464" PosZ="0.270305" Flags="1"/>
      <Sphere16 Radius="0.050000" PosX="-0.826955" PosY="0.912883" PosZ="-2.201555" Flags="1"/>
      <Sphere17 Radius="0.050000" PosX="0.826955" PosY="0.912883" PosZ="-2.201555" Flags="1"/>
      <Sphere18 Radius="0.050000" PosX="0.408678" PosY="1.080464" PosZ="0.270305" Flags="1"/>
      <Sphere19 Radius="0.050000" PosX="0.909258" PosY="0.792996" PosZ="-2.249226" Flags="1"/>
      <Sphere20 Radius="0.050000" PosX="0.920000" PosY="0.378919" PosZ="2.308793" Flags="1"/>
      <Sphere21 Radius="0.050000" PosX="0.920000" PosY="0.050000" PosZ="-2.250000" Flags="1"/>
      <Sphere22 Radius="0.050000" PosX="0.920000" PosY="0.050000" PosZ="2.320000" Flags="1"/>
      <Sphere23 Radius="0.393526" PosX="0.580773" PosY="0.354500" PosZ="-1.887550" Flags="2"/>
      <Sphere24 Radius="0.474702" PosX="0.567750" PosY="0.353510" PosZ="-1.378830" Flags="2"/>
      <Sphere25 Radius="0.474702" PosX="0.563615" PosY="0.353510" PosZ="-0.499953" Flags="2"/>
      <Sphere26 Radius="0.474702" PosX="0.563615" PosY="0.353510" PosZ="0.384333" Flags="2"/>
      <Sphere27 Radius="0.474702" PosX="0.563615" PosY="0.353510" PosZ="1.283210" Flags="2"/>
      <Sphere28 Radius="0.160000" PosX="0.729901" PosY="0.844551" PosZ="-2.110820" Flags="2"/>
      <Sphere29 Radius="0.160000" PosX="0.403993" PosY="0.837550" PosZ="0.097248" Flags="2"/>
      <Sphere30 Radius="0.175000" PosX="0.351970" PosY="0.804333" PosZ="-0.694885" Flags="2"/>
      <Sphere31 Radius="0.282716" PosX="0.521415" PosY="0.461301" PosZ="1.955151" Flags="2"/>
    </CollSpheres>
  </Collision>
</MAXData>