<ShaderSettings>
    <badge>
        <PaintScale value="0.1350000" />
        <FresnelIndex value="1.000000" />
        <FresnelScalar value="0.200000" />
    </badge>
    <carbon_fiber>
        <FresnelScalar value="0.000000" />
        <CarbonFiberScale value="1.000000" />
        <CarbonFiberDiffuseColor a="2.000151" b="0.200000" g="0.200000" r="0.200000" />
    </carbon_fiber>
    <chrome_2>
        <ChromeDiffuseScale value="0.150000" />
        <CubeScale value="2.000000" />
        <MinShadowValue value="0.600000" />
    </chrome_2>
    <cockpit_wood>
        <PaintScale value="0.450000" />
        <FresnelIndex value="1.000000" />
        <FresnelScalar value="0.000000" />
    </cockpit_wood>
    <cockpit_headliner>
        <CockpitHeadlinerColor r="0.400000" g="0.400000" b="0.400000" a="0.000000" />
        <MinCockpitShadow value="0.100000" />
    </cockpit_headliner>

  <cockpit_gauge_emissive>
    <GaugeAmbientAmt value="0.0130000" />
  </cockpit_gauge_emissive>
  
    <interior>
        <FinalScale r="0.500000" g="0.500000" b="0.500000" a="0.000000" />
    </interior>
    <misc>
        <PaintScale value="0.370000" />
        <SpecularAmount value="0.300000" />
        <SpecularPower value="3.500000" />
        <SpecularColor r="0.750000" g="0.750000" b="0.750000" a="1.000000" />
        <FresnelScalar value="0.020000" />
    </misc>
    <plastic2>
        <PaintScale value="0.550000" />
        <SpecularAmount value="0.400000" />
        <SpecularPower value="2.000000" />
        <SpecularColor r="0.600000" g="0.600000" b="0.600000" a="1.000000" />
    </plastic2>
    <reflector>
        <PaintScale value="0.550000" />
    </reflector>
    <textured_reflector>
        <PaintScale value="1.000000" />
    </textured_reflector>
    <tail_light_lod0>
        <BrakeColor r="7" g="0" b="0" a="0.4980392" />
        <PaintScale value="0.5" />
    </tail_light_lod0>
    <reverse_light_lod0>
        <ReverseLightColor r="2.2" g="2.2" b="2.2" a="0.4980392" />
    </reverse_light_lod0>
    <lights_glass>
        <GlassMaxOpacity value="0.9" />
        <GlassColor r="1" g="1" b="1" a="0.7" />
    </lights_glass>
    <tail_light>
        <BrakeColor r="7" g="0" b="0" a="0.4980392" />
    </tail_light>
    <reverse_light>
        <ReverseLightColor r="2.2" g="2.2" b="2.2" a="1" />
    </reverse_light>
</ShaderSettings>
