<ShaderSettings>
    <lights_glass>
        <GlassMaxOpacity value="1" />
        <SpecularAmount value="0" />
        <PaintScale value="0.3" />
        <FresnelIndex value="3" />
        <FresnelScalar value="0" />
        <GlassColor r="1" g="1" b="1" a="0" />
    </lights_glass>
    <textured_reflector>
        <PaintScale value="0.2" />
        <CubeScale value="0.4" />
    </textured_reflector>
    <reverse_light_lod0>
        <ReverseLightColor r="0.7" g="0.7" b="0.7" a="1" />
        <PaintScale value ="0.2" />
        <CubeScale value ="0.25" />
    </reverse_light_lod0>
    <reverse_light>
        <ReverseLightColor r="0.7" g="0.7" b="0.7" a="1" />
    </reverse_light>
    <reflector>
        <PaintScale value="0.1" />
        <CubeScale value="0.3" />
    </reflector>
    <tail_light_lod0>
        <PaintScale value="0.3" />
        <CubeScale value="0.25" />
        <BrakeColor r="0.65" g="0" b="0" a="1" />
    </tail_light_lod0>
    <tail_light>
        <BrakeColor r="0.65" g="0" b="0" a="1" />
    </tail_light>
    <head_light>
        <PaintScale value="0.35" />
        <CubeScale value="0.75" />
        <GlassMaxOpacity value="0.85" />
    </head_light>
    <head_light2>
        <PaintScale value="0.2" />
        <CubeScale value="0.7" />
    </head_light2>
    <cockpit_cloth>
        <PaintScale value="0.4" />
    </cockpit_cloth>
    <cockpit_leather>
        <CockpitSpecularPower value="8" />
        <CockpitSpecularPower2 value="22" />
        <CockpitSpecularAmount value="0.04" />
        <CockpitSpecularAmount2 value="0.05" />
        <PaintScale value="0.35" />
    </cockpit_leather>
    <cockpit_leather>
        <CockpitSpecularPower value="8" />
        <CockpitSpecularPower2 value="22" />
        <CockpitSpecularAmount value="0.04" />
        <CockpitSpecularAmount2 value="0.05" />
        <PaintScale value="0.35" />
    </cockpit_leather>
    <cockpit_bump_leather>
        <CockpitNormalScale value="0.8" />
        <CockpitSpecularPower value="8" />
        <CockpitSpecularPower2 value="22" />
        <CockpitSpecularAmount value="0.04" />
        <CockpitSpecularAmount2 value="0.05" />
        <PaintScale value="0.35" />
        <CockpitBumpScale value="0.4" />
    </cockpit_bump_leather>
    <cockpit_reflector>
        <PaintScale value="0.3" />
        <FresnelScalar value="0.05" />
    </cockpit_reflector>
    <cockpit_plastic>
        <CockpitSpecularAmount value="0.05" />
    </cockpit_plastic>
    <cockpit_badge>
        <PaintScale value="0.75" />
    </cockpit_badge>
    <caliper>
        <SpecularAmount value="0.02" />
        <SpecularPower value="50" />
    </caliper>
    <rotor>
        <PaintScale value="0.3" />
        <SpecularColor r="1" g="1" b="1" a="0" />
        <SpecularAmount value="0.15" />
        <SpecularPower value="20" />
    </rotor>
    <detail_glass_clear>
        <Glancing value="0.03" />
        <Direct value="0.5" />
        <GlassColor r="0.1" g="0.1" b="0.1" a="0" />
    </detail_glass_clear>
    <race_kit_red>
        <FresnelScalar value="0.5" />
        <PristinePaintScale value="0.3" />
        <SpecularAmount value="1" />
        <SpecularPower value="50" />
    </race_kit_red>
    <cockpit_gauge_needle>
        <GaugeEmissiveScale value="0.005" />
    </cockpit_gauge_needle>
    <emblem>
        <PaintScale value="0.6" />
    </emblem>
    <glass>
        <GlassMaxOpacity value="0.2" />
    </glass>
    <interior>
        <FinalScale r="0.4" g="0.4" b="0.4" a="0" />
    </interior>
    <detail_glass_amber>
        <GlassColor r="0.5" g="0.5" b="0.5" a="0" />
    </detail_glass_amber>
    <detail_glass_red>
        <DarkValues value ="0.2" />
        <LightValues value ="1.5" />
    </detail_glass_red>
</ShaderSettings>
