<MAXData>
  <Misc Wheelbase="2.614917" FrontTrackOuter="1.759165" RearTrackOuter="1.757196" FrontStockRideHeight="0.203484" RearStockRideHeight="0.224799">
    <BottomCenterWheelbasePos x="0.000000" y="0.000000" z="0.198066" />
  </Misc>
  <Collision>
    <BoundingBox MinX="-0.860500" MinY="-0.089999" MinZ="-1.986701" MaxX="0.860500" MaxY="1.397600" MaxZ="2.080095" BevelFrontX="1.080500" BevelFrontZ="3.566296" BevelRearX="1.240500" BevelRearZ="3.606296" />
    <CollSpheres PosOffsetX="0.000000" PosOffsetY="0.000000" PosOffsetZ="0.000000" PosScale="1.000000" RadiusScale="1.000000">
      <Sphere0 Radius="0.405" PosX="-0.4534" PosY="0.3455" PosZ="1.654301" Flags="2" />
      <Sphere1 Radius="0.545" PosX="-0.345699" PosY="0.436501" PosZ="0.7699104" Flags="2" />
      <Sphere2 Radius="0.615" PosX="-0.2906" PosY="0.481201" PosZ="-0.1501897" Flags="2" />
      <Sphere3 Radius="0.645037" PosX="-0.2041" PosY="0.650043" PosZ="-1.205897" Flags="2" />
      <Sphere4 Radius="0.405" PosX="-0.491199" PosY="0.385631" PosZ="-1.511197" Flags="2" />
      <Sphere5 Radius="0.385" PosX="-0.310499" PosY="1.020869" PosZ="-0.3747907" Flags="2" />
      <Sphere6 Radius="0.355" PosX="-0.4258" PosY="0.9565991" PosZ="0.2997103" Flags="2" />
      <Sphere7 Radius="0.375" PosX="-0.340199" PosY="0.9867" PosZ="-1.000597" Flags="2" />
      <Sphere8 Radius="0.45" PosX="0" PosY="0.3614" PosZ="1.674905" Flags="2" />
      <Sphere9 Radius="0.49" PosX="0" PosY="0.485631" PosZ="-1.474992" Flags="2" />
      <Sphere10 Radius="0.05" PosX="-0.8588001" PosY="0.025384" PosZ="2.041991" Flags="1" />
      <Sphere11 Radius="0.05" PosX="-0.872618" PosY="0.12157" PosZ="-1.888491" Flags="1" />
      <Sphere12 Radius="0.05" PosX="-0.859192" PosY="0.586331" PosZ="1.964649" Flags="1" />
      <Sphere13 Radius="0.05" PosX="-0.840988" PosY="0.862273" PosZ="-1.784362" Flags="1" />
      <Sphere14 Radius="0.05" PosX="-0.571193" PosY="1.324712" PosZ="0.1940423" Flags="1" />
      <Sphere15 Radius="0.05" PosX="-0.497249" PosY="1.299724" PosZ="-1.42514" Flags="1" />
      <Sphere16 Radius="0.05" PosX="-0.800634" PosY="0.03534" PosZ="-0.8918247" Flags="1" />
      <Sphere17 Radius="0.05" PosX="-0.808181" PosY="0.035165" PosZ="0.9439363" Flags="1" />
      <Sphere18 Radius="0.05" PosX="0.808181" PosY="0.035165" PosZ="0.9439363" Flags="1" />
      <Sphere19 Radius="0.05" PosX="0.800634" PosY="0.03534" PosZ="-0.8918247" Flags="1" />
      <Sphere20 Radius="0.05" PosX="0.457215" PosY="1.299724" PosZ="-1.425377" Flags="1" />
      <Sphere21 Radius="0.05" PosX="0.628974" PosY="1.32373" PosZ="0.1931983" Flags="1" />
      <Sphere22 Radius="0.05" PosX="0.839287" PosY="0.862273" PosZ="-1.784362" Flags="1" />
      <Sphere23 Radius="0.05" PosX="0.759334" PosY="0.58324" PosZ="1.967248" Flags="1" />
      <Sphere24 Radius="0.05" PosX="0.853462" PosY="0.121639" PosZ="-1.888491" Flags="1" />
      <Sphere25 Radius="0.05" PosX="0.853017" PosY="0.029773" PosZ="2.039537" Flags="1" />
      <Sphere26 Radius="0.375" PosX="0.340199" PosY="0.9867" PosZ="-1.000597" Flags="2" />
      <Sphere27 Radius="0.355" PosX="0.4258" PosY="0.9565991" PosZ="0.2997103" Flags="2" />
      <Sphere28 Radius="0.385" PosX="0.310499" PosY="0.995999" PosZ="-0.3747907" Flags="2" />
      <Sphere29 Radius="0.405" PosX="0.491199" PosY="0.385631" PosZ="-1.511197" Flags="2" />
      <Sphere30 Radius="0.645037" PosX="0.2041" PosY="0.650043" PosZ="-1.205897" Flags="2" />
      <Sphere31 Radius="0.615" PosX="0.2906" PosY="0.481201" PosZ="-0.1501897" Flags="2" />
      <Sphere32 Radius="0.545" PosX="0.345699" PosY="0.436501" PosZ="0.7699104" Flags="2" />
      <Sphere33 Radius="0.405" PosX="0.4534" PosY="0.3455" PosZ="1.654301" Flags="2" />
    </CollSpheres>
  </Collision>
</MAXData>