
<MAXData>
  <Misc Wheelbase="2.564677" FrontTrackOuter="1.915002" RearTrackOuter="1.989824" FrontStockRideHeight="0.079832" RearStockRideHeight="0.080927">
    <BottomCenterWheelbasePos x="0.000000" y="0.000000" z="-0.046391"/>
  </Misc>
  <Collision>
    <BoundingBox MinX="-0.963099" MinY="-0.072601" MinZ="-2.241801" MaxX="0.973099" MaxY="1.011900" MaxZ="2.189195" BevelFrontX="1.313099" BevelFrontZ="3.767896" BevelRearX="1.403099" BevelRearZ="3.897896"/>
    <CollSpheres PosOffsetX="0.000000" PosOffsetY="0.000000" PosOffsetZ="0.000000" PosScale="1.000000" RadiusScale="1.000000">
      <Sphere0 Radius="0.270000" PosX="0.000100" PosY="0.077900" PosZ="1.914899" Flags="2"/>
      <Sphere1 Radius="0.305000" PosX="0.000000" PosY="0.354500" PosZ="-1.874598" Flags="2"/>
      <Sphere2 Radius="0.305000" PosX="-0.680800" PosY="0.263400" PosZ="1.886495" Flags="2"/>
      <Sphere3 Radius="0.315000" PosX="-0.753099" PosY="0.461301" PosZ="1.295795" Flags="2"/>
      <Sphere4 Radius="0.315000" PosX="-0.844499" PosY="-0.897600" PosZ="0.504903" Flags="2"/>
      <Sphere5 Radius="0.320000" PosX="-0.881900" PosY="0.287801" PosZ="-0.470696" Flags="2"/>
      <Sphere6 Radius="0.340000" PosX="-0.826600" PosY="0.420600" PosZ="-1.283502" Flags="2"/>
      <Sphere7 Radius="0.355000" PosX="-0.661399" PosY="0.293800" PosZ="-1.850203" Flags="2"/>
      <Sphere8 Radius="0.175000" PosX="-0.287899" PosY="0.772899" PosZ="-0.467296" Flags="2"/>
      <Sphere9 Radius="0.160000" PosX="-0.378800" PosY="0.802899" PosZ="0.490004" Flags="2"/>
      <Sphere10 Radius="0.160000" PosX="-0.873099" PosY="0.851900" PosZ="-2.081801" Flags="2"/>
      <Sphere11 Radius="0.050000" PosX="-0.920763" PosY="0.005764" PosZ="2.294860" Flags="1"/>
      <Sphere12 Radius="0.050000" PosX="-0.970003" PosY="0.050000" PosZ="-2.210000" Flags="1"/>
      <Sphere13 Radius="0.050000" PosX="-0.919626" PosY="0.494710" PosZ="1.945144" Flags="1"/>
      <Sphere14 Radius="0.050000" PosX="-0.965046" PosY="0.882868" PosZ="-2.209064" Flags="1"/>
      <Sphere15 Radius="0.050000" PosX="-0.269646" PosY="1.009449" PosZ="0.404330" Flags="1"/>
      <Sphere16 Radius="0.050000" PosX="-0.264301" PosY="0.999965" PosZ="-0.189165" Flags="1"/>
      <Sphere17 Radius="0.050000" PosX="0.264301" PosY="0.999965" PosZ="-0.189165" Flags="1"/>
      <Sphere18 Radius="0.050000" PosX="0.269646" PosY="1.009449" PosZ="0.404330" Flags="1"/>
      <Sphere19 Radius="0.050000" PosX="0.965046" PosY="0.882868" PosZ="-2.209064" Flags="1"/>
      <Sphere20 Radius="0.050000" PosX="0.919626" PosY="0.494710" PosZ="1.945144" Flags="1"/>
      <Sphere21 Radius="0.050000" PosX="0.970003" PosY="0.050000" PosZ="-2.210000" Flags="1"/>
      <Sphere22 Radius="0.050000" PosX="0.920763" PosY="0.005764" PosZ="2.294860" Flags="1"/>
      <Sphere23 Radius="0.160000" PosX="0.873099" PosY="0.851900" PosZ="-2.081801" Flags="2"/>
      <Sphere24 Radius="0.160000" PosX="0.378800" PosY="0.802899" PosZ="0.490004" Flags="2"/>
      <Sphere25 Radius="0.175000" PosX="0.287899" PosY="0.772899" PosZ="-0.467296" Flags="2"/>
      <Sphere26 Radius="0.355000" PosX="0.661399" PosY="0.293800" PosZ="-1.850203" Flags="2"/>
      <Sphere27 Radius="0.340000" PosX="0.826600" PosY="0.420600" PosZ="-1.283502" Flags="2"/>
      <Sphere28 Radius="0.320000" PosX="0.881900" PosY="0.287801" PosZ="-0.470696" Flags="2"/>
      <Sphere29 Radius="0.315000" PosX="0.844499" PosY="-0.897600" PosZ="0.504903" Flags="2"/>
      <Sphere30 Radius="0.315000" PosX="0.753099" PosY="0.461301" PosZ="1.295795" Flags="2"/>
      <Sphere31 Radius="0.305000" PosX="0.680800" PosY="0.263400" PosZ="1.886495" Flags="2"/>
    </CollSpheres>
  </Collision>
</MAXData>