
<CarAttributes Version="17">
  <DriverHandsSteeringWheelOverride value="0.000000"/>
  <Use10_2Animations value="0"/>
  <SteeringWheelAngleOverride value="0.000000"/>
  <CockpitNearPlane value="0.100000"/>
  <DriverHandsOffset value.x="0.362910" value.y="0.394463" value.z="-0.245548" value.w="0.000000"/>
  <DriverHandsScale value="1.000000"/>
  <CockpitShadowScale value="0.500000"/>
  <Gauges>
    <Speed NumTicks="6">
      <TickMark Param="0.000000" Value="0.000000"/>
      <TickMark Param="0.135000" Value="8.940800"/>
      <TickMark Param="0.395000" Value="26.822399"/>
      <TickMark Param="0.670000" Value="44.703999"/>
      <TickMark Param="0.934999" Value="62.585598"/>
      <TickMark Param="1.000000" Value="67.056000"/>
    </Speed>
    <Tach NumTicks="6">
      <TickMark Param="0.000000" Value="0.000000"/>
      <TickMark Param="0.130000" Value="1000.000000"/>
      <TickMark Param="0.385000" Value="3000.000000"/>
      <TickMark Param="0.645000" Value="5000.000000"/>
      <TickMark Param="0.879999" Value="7000.000000"/>
      <TickMark Param="1.000000" Value="8000.000000"/>
    </Tach>
    <Fuel NumTicks="3">
      <TickMark Param="0.000000" Value="0.000000"/>
      <TickMark Param="0.500000" Value="10.000000"/>
      <TickMark Param="1.000000" Value="20.000000"/>
    </Fuel>
    <Boost NumTicks="0"/>
    <OilTemp NumTicks="0"/>
    <OilPressure NumTicks="0"/>
    <WaterTemp NumTicks="0"/>
    <Volt NumTicks="0"/>
    <GaugeA NumTicks="0"/>
    <GaugeB NumTicks="0"/>
    <GaugeC NumTicks="0"/>
    <GaugeD NumTicks="0"/>
    <GaugeE NumTicks="0"/>
    <GaugeF NumTicks="0"/>
    <Power NumTicks="0"/>
  </Gauges>
  <CarDebris>
    <Mechanical MaxDropCount_DamageCosmetic="1000" MaxDropCount_DamageLimited="1000" MaxDropCount_DamageFull="1000" MinDropForce="1.000000" MaxDropForce="100.000000" Area=""/>
    <Fiber MaxDropCount_DamageCosmetic="1000" MaxDropCount_DamageLimited="1000" MaxDropCount_DamageFull="1000" MinDropForce="1.000000" MaxDropForce="100.000000" Area=""/>
    <Frame MaxDropCount_DamageCosmetic="1000" MaxDropCount_DamageLimited="1000" MaxDropCount_DamageFull="1000" MinDropForce="1.000000" MaxDropForce="100.000000" Area=""/>
    <Crumb MaxDropCount_DamageCosmetic="1000" MaxDropCount_DamageLimited="1000" MaxDropCount_DamageFull="1000" MinDropForce="1.000000" MaxDropForce="100.000000" Area=""/>
  </CarDebris>
  <Damage Version="3" value="1.000000">
    <DamageScalars speed="5.000000" radius="0.300000" damage="0.500000"/>
    <DamageScalars speed="35.000000" radius="1.300000" damage="1.500000"/>
    <DamageScalars speed="98.000000" radius="3.200000" damage="2.500000"/>
    <PartDropValues>
      <partDrop partName="mirrorL" dropValue="0.100000"/>
      <partDrop partName="mirrorR" dropValue="0.100000"/>
    </PartDropValues>
    <PartDropGlobalScalar value="1.000000"/>
    <DamageScrape Version="2" ScrapeMinSpeed="0.010000" ScrapeMaxSpeed="0.300000" ScrapeRadius="1.300000" ScrapeDamage="0.080000" DamageBias="0.750000" ScrapeBias="0.700000" GlassDamageCausingBreak="0.005000"/>
  </Damage>
  <Tires FrontTireScale="1.000000" RearTireScale="1.000000"/>
  <Driver Version="6" BodyLean="0.000000" ButtOffset.x="0.000000" ButtOffset.y="0.000000" ButtOffset.z="0.070000" ButtOffset.w="0.000000" BodyScale="1.100000" LeftHandOffset.x="0.000000" LeftHandOffset.y="0.000000" LeftHandOffset.z="0.000000" LeftHandOffset.w="0.000000" RightHandOffset.x="0.000000" RightHandOffset.y="0.000000" RightHandOffset.z="0.000000" RightHandOffset.w="0.000000" ShifterOffset.x="0.000000" ShifterOffset.y="0.000000" ShifterOffset.z="0.000000" ShifterOffset.w="0.000000" HandBrakeOffset.x="0.000000" HandBrakeOffset.y="0.000000" HandBrakeOffset.z="0.000000" HandBrakeOffset.w="0.000000" HasPaddleShifter="0" HasNoHandBrake="0" ForwardAccelerationScale="0.500000" LateralAccelerationScale="1.000000" IKGuideScale.x="2.000000" IKGuideScale.y="1.000000" IKGuideScale.z="-2.000000" IKGuideScale.w="0.000000" IKGuideTranslation.x="0.000000" IKGuideTranslation.y="-0.500000" IKGuideTranslation.z="0.000000" IKGuideTranslation.w="0.000000" ButtOffsetLOD0.x="0.000000" ButtOffsetLOD0.y="0.000000" ButtOffsetLOD0.z="0.009200" ButtOffsetLOD0.w="0.000000" LeftHandOffsetLOD0.x="0.000000" LeftHandOffsetLOD0.y="0.000000" LeftHandOffsetLOD0.z="0.000000" LeftHandOffsetLOD0.w="0.000000" RightHandOffsetLOD0.x="0.000000" RightHandOffsetLOD0.y="0.000000" RightHandOffsetLOD0.z="0.000000" RightHandOffsetLOD0.w="0.000000"/>
  <General Version="3" OpenCockpit="0" SLODDropShadowScale="2.000000" OverrideBackireDirection="0" BackirePitch="0.000000" BackfireYaw="0.000000"/>
  <Animations/>
</CarAttributes>