<ShaderSettings>
  
    <badge>
      <FresnelIndex value="1.0" />
      <FresnelScalar value="0" />
    </badge>
     
    <cockpit_gauge_emissive>
     <GaugeEmissiveScale value="0.04"/>
    </cockpit_gauge_emissive>
  
    <detail_glass_red>
        <LightValues value="1.2" />
        <DarkValues value="0.4" />
    </detail_glass_red>
  
    <textured_reflector>
        <PaintScale value="0.4" />
    </textured_reflector>
  
    <lights_glass>
      <PaintScale value="0.2"/>
      <FresnelIndex value="2.65"/>
      <FresnelScalar value="1.0"/>
      <GlassMaxOpacity value="0.7"/>
      <GlassColor r="0.54" g="0.54" b="0.54" a="0.5"/>
    </lights_glass>
  
    <plastic2>
        <UseDiffuseInsteadOfSH value="0.5" />
        <SpecularColor r="0.7011019" g="0.7011019" b="0.7011019" a="0" />
    </plastic2>
  
</ShaderSettings>
