
<CarLocators Version="2">
  <Locator Version="3">
    <GUID value="5150916d-953b-4d57-bdb3-88c2c6e7649c"/>
    <SrcGUID value="5150916d-953b-4d57-bdb3-88c2c6e7649c"/>
    <Name value="carLocator_bumperF"/>
    <SceneTransform value._11="1.000000" value._12="0.000000" value._13="0.000000" value._14="0.000000" value._21="0.000000" value._22="1.000000" value._23="0.000000" value._24="0.000000" value._31="0.000000" value._32="0.000000" value._33="1.000000" value._34="0.000000" value._41="0.000000" value._42="0.240944" value._43="2.424615" value._44="1.000000"/>
    <AttachToBone BoneName="<root>" Snap="0"/>
    <UpgradeInfo IsUpgradable="1" PartType="CarBody" UpgradeLevel="4294967295" PartId="-1" ParentUpgradeId="-1"/>
  </Locator>
  <Locator Version="3">
    <GUID value="f6f3a36c-b313-4257-8f7b-0f40f8adf892"/>
    <SrcGUID value="f6f3a36c-b313-4257-8f7b-0f40f8adf892"/>
    <Name value="carLocator_bumperR"/>
    <SceneTransform value._11="-1.000000" value._12="0.000000" value._13="0.000000" value._14="0.000000" value._21="0.000000" value._22="1.000000" value._23="0.000000" value._24="0.000000" value._31="-0.000000" value._32="0.000000" value._33="-1.000000" value._34="0.000000" value._41="-0.000000" value._42="0.370035" value._43="-2.569539" value._44="1.000000"/>
    <AttachToBone BoneName="<root>" Snap="0"/>
    <UpgradeInfo IsUpgradable="1" PartType="CarBody" UpgradeLevel="4294967295" PartId="-1" ParentUpgradeId="-1"/>
  </Locator>
  <Locator Version="3">
    <GUID value="4e44d791-39cf-4497-bd41-004cbd74a085"/>
    <SrcGUID value="4e44d791-39cf-4497-bd41-004cbd74a085"/>
    <Name value="carLocator_dashboard"/>
    <SceneTransform value._11="-1.000000" value._12="-0.000000" value._13="-0.000000" value._14="0.000000" value._21="-0.000000" value._22="1.000000" value._23="-0.000000" value._24="0.000000" value._31="0.000000" value._32="-0.000000" value._33="-1.000000" value._34="0.000000" value._41="0.000000" value._42="0.542858" value._43="0.418819" value._44="1.000000"/>
    <AttachToBone BoneName="<root>" Snap="0"/>
    <UpgradeInfo IsUpgradable="1" PartType="CarBody" UpgradeLevel="4294967295" PartId="-1" ParentUpgradeId="-1"/>
  </Locator>
  <Locator Version="3">
    <GUID value="4607d83c-8cbd-42c7-8fb5-8723a332c6e9"/>
    <SrcGUID value="4607d83c-8cbd-42c7-8fb5-8723a332c6e9"/>
    <Name value="carLocator_doorHandleLF"/>
    <SceneTransform value._11="-0.000000" value._12="0.000000" value._13="1.000000" value._14="0.000000" value._21="0.000000" value._22="1.000000" value._23="0.000000" value._24="0.000000" value._31="-1.000000" value._32="0.000000" value._33="-0.000000" value._34="0.000000" value._41="-0.863437" value._42="0.602496" value._43="-0.334420" value._44="1.000000"/>
    <AttachToBone BoneName="<root>" Snap="0"/>
    <UpgradeInfo IsUpgradable="1" PartType="CarBody" UpgradeLevel="4294967295" PartId="-1" ParentUpgradeId="-1"/>
  </Locator>
  <Locator Version="3">
    <GUID value="6f53cfe7-cb37-4d34-8b6b-8e3a4d362453"/>
    <SrcGUID value="6f53cfe7-cb37-4d34-8b6b-8e3a4d362453"/>
    <Name value="carLocator_doorHandleRF"/>
    <SceneTransform value._11="-0.000000" value._12="0.000000" value._13="-1.000000" value._14="0.000000" value._21="0.000000" value._22="1.000000" value._23="0.000000" value._24="0.000000" value._31="1.000000" value._32="0.000000" value._33="-0.000000" value._34="0.000000" value._41="0.863437" value._42="0.602496" value._43="-0.334419" value._44="1.000000"/>
    <AttachToBone BoneName="<root>" Snap="0"/>
    <UpgradeInfo IsUpgradable="1" PartType="CarBody" UpgradeLevel="4294967295" PartId="-1" ParentUpgradeId="-1"/>
  </Locator>
  <Locator Version="3">
    <GUID value="df312223-0328-4568-9d11-cdee4892ae62"/>
    <SrcGUID value="df312223-0328-4568-9d11-cdee4892ae62"/>
    <Name value="carLocator_doorLF"/>
    <SceneTransform value._11="-0.000000" value._12="0.000000" value._13="1.000000" value._14="0.000000" value._21="0.000000" value._22="1.000000" value._23="0.000000" value._24="0.000000" value._31="-1.000000" value._32="0.000000" value._33="-0.000000" value._34="0.000000" value._41="-0.924597" value._42="0.555366" value._43="0.106134" value._44="1.000000"/>
    <AttachToBone BoneName="<root>" Snap="0"/>
    <UpgradeInfo IsUpgradable="1" PartType="CarBody" UpgradeLevel="4294967295" PartId="-1" ParentUpgradeId="-1"/>
  </Locator>
  <Locator Version="3">
    <GUID value="57295351-c58a-4963-8f75-778ce32aee66"/>
    <SrcGUID value="57295351-c58a-4963-8f75-778ce32aee66"/>
    <Name value="carLocator_doorRF"/>
    <SceneTransform value._11="-0.000000" value._12="0.000000" value._13="-1.000000" value._14="0.000000" value._21="0.000000" value._22="1.000000" value._23="0.000000" value._24="0.000000" value._31="1.000000" value._32="0.000000" value._33="-0.000000" value._34="0.000000" value._41="0.924597" value._42="0.555366" value._43="0.106135" value._44="1.000000"/>
    <AttachToBone BoneName="<root>" Snap="0"/>
    <UpgradeInfo IsUpgradable="1" PartType="CarBody" UpgradeLevel="4294967295" PartId="-1" ParentUpgradeId="-1"/>
  </Locator>
  <Locator Version="3">
    <GUID value="a30ec8d7-b8b1-4975-9858-427c8b4a893b"/>
    <SrcGUID value="a30ec8d7-b8b1-4975-9858-427c8b4a893b"/>
    <Name value="carLocator_drivetrain"/>
    <SceneTransform value._11="1.000000" value._12="0.000000" value._13="0.000000" value._14="0.000000" value._21="0.000000" value._22="-0.000000" value._23="-1.000000" value._24="0.000000" value._31="0.000000" value._32="1.000000" value._33="-0.000000" value._34="0.000000" value._41="0.009774" value._42="0.510260" value._43="0.205019" value._44="1.000000"/>
    <AttachToBone BoneName="<root>" Snap="0"/>
    <UpgradeInfo IsUpgradable="1" PartType="CarBody" UpgradeLevel="4294967295" PartId="-1" ParentUpgradeId="-1"/>
  </Locator>
  <Locator Version="3">
    <GUID value="7738d4ee-dbe0-4bac-887c-36a2b765b7ec"/>
    <SrcGUID value="7738d4ee-dbe0-4bac-887c-36a2b765b7ec"/>
    <Name value="carLocator_Engine"/>
    <SceneTransform value._11="1.000000" value._12="0.000000" value._13="0.000000" value._14="0.000000" value._21="0.000000" value._22="1.000000" value._23="0.000000" value._24="0.000000" value._31="0.000000" value._32="0.000000" value._33="1.000000" value._34="0.000000" value._41="0.000000" value._42="0.510656" value._43="-1.234163" value._44="1.000000"/>
    <AttachToBone BoneName="<root>" Snap="0"/>
    <UpgradeInfo IsUpgradable="1" PartType="CarBody" UpgradeLevel="4294967295" PartId="-1" ParentUpgradeId="-1"/>
  </Locator>
  <Locator Version="3">
    <GUID value="e3dac01c-c573-4115-87ef-35d4e879bc60"/>
    <SrcGUID value="e3dac01c-c573-4115-87ef-35d4e879bc60"/>
    <Name value="carLocator_engineSmoke"/>
    <SceneTransform value._11="1.000000" value._12="0.000000" value._13="0.000000" value._14="0.000000" value._21="0.000000" value._22="1.000000" value._23="0.000000" value._24="0.000000" value._31="0.000000" value._32="0.000000" value._33="1.000000" value._34="0.000000" value._41="0.000000" value._42="0.000000" value._43="-1.327873" value._44="1.000000"/>
    <AttachToBone BoneName="<root>" Snap="0"/>
    <UpgradeInfo IsUpgradable="1" PartType="CarBody" UpgradeLevel="4294967295" PartId="-1" ParentUpgradeId="-1"/>
  </Locator>
  <Locator Version="3">
    <GUID value="99dd9001-dc0d-4027-a4a2-dc4bb9848561"/>
    <SrcGUID value="99dd9001-dc0d-4027-a4a2-dc4bb9848561"/>
    <Name value="carLocator_entryDoorLF"/>
    <SceneTransform value._11="-0.000000" value._12="0.000000" value._13="1.000000" value._14="0.000000" value._21="0.000000" value._22="1.000000" value._23="0.000000" value._24="0.000000" value._31="-1.000000" value._32="0.000000" value._33="-0.000000" value._34="0.000000" value._41="-0.697914" value._42="0.555523" value._43="-0.043050" value._44="1.000000"/>
    <AttachToBone BoneName="<root>" Snap="0"/>
    <UpgradeInfo IsUpgradable="1" PartType="CarBody" UpgradeLevel="4294967295" PartId="-1" ParentUpgradeId="-1"/>
  </Locator>
  <Locator Version="3">
    <GUID value="037bf832-5c4d-4c70-abc2-e3fb40585c07"/>
    <SrcGUID value="037bf832-5c4d-4c70-abc2-e3fb40585c07"/>
    <Name value="carLocator_Exhaust_001"/>
    <SceneTransform value._11="-0.999997" value._12="0.000000" value._13="0.002232" value._14="0.000000" value._21="0.000000" value._22="1.000000" value._23="0.000000" value._24="0.000000" value._31="-0.002232" value._32="0.000000" value._33="-0.999997" value._34="0.000000" value._41="-0.335721" value._42="0.273369" value._43="-2.310092" value._44="1.000000"/>
    <AttachToBone BoneName="<root>" Snap="0"/>
    <UpgradeInfo IsUpgradable="1" PartType="CarBody" UpgradeLevel="4294967295" PartId="-1" ParentUpgradeId="-1"/>
  </Locator>
  <Locator Version="3">
    <GUID value="bbcff3f4-eec4-4bce-97e2-36f0a1746189"/>
    <SrcGUID value="bbcff3f4-eec4-4bce-97e2-36f0a1746189"/>
    <Name value="carLocator_Exhaust_002"/>
    <SceneTransform value._11="-0.998770" value._12="0.000000" value._13="0.049592" value._14="0.000000" value._21="0.000000" value._22="1.000000" value._23="0.000000" value._24="0.000000" value._31="-0.049592" value._32="0.000000" value._33="-0.998770" value._34="0.000000" value._41="0.337610" value._42="0.275781" value._43="-2.310092" value._44="1.000000"/>
    <AttachToBone BoneName="<root>" Snap="0"/>
    <UpgradeInfo IsUpgradable="1" PartType="CarBody" UpgradeLevel="4294967295" PartId="-1" ParentUpgradeId="-1"/>
  </Locator>
  <Locator Version="3">
    <GUID value="c070cb80-b5e7-4f0f-86d3-ddcc1b9fcdcc"/>
    <SrcGUID value="c070cb80-b5e7-4f0f-86d3-ddcc1b9fcdcc"/>
    <Name value="carLocator_gauges"/>
    <SceneTransform value._11="-1.000000" value._12="-0.000000" value._13="-0.000000" value._14="0.000000" value._21="-0.000000" value._22="1.000000" value._23="-0.000000" value._24="0.000000" value._31="0.000000" value._32="-0.000000" value._33="-1.000000" value._34="0.000000" value._41="-0.296062" value._42="0.657863" value._43="0.475839" value._44="1.000000"/>
    <AttachToBone BoneName="<root>" Snap="0"/>
    <UpgradeInfo IsUpgradable="1" PartType="CarBody" UpgradeLevel="4294967295" PartId="-1" ParentUpgradeId="-1"/>
  </Locator>
  <Locator Version="3">
    <GUID value="533329f7-828f-4b39-9a40-e98419652e57"/>
    <SrcGUID value="533329f7-828f-4b39-9a40-e98419652e57"/>
    <Name value="carLocator_headlightL"/>
    <SceneTransform value._11="1.000000" value._12="0.000000" value._13="0.000000" value._14="0.000000" value._21="0.000000" value._22="1.000000" value._23="0.000000" value._24="0.000000" value._31="0.000000" value._32="0.000000" value._33="1.000000" value._34="0.000000" value._41="-0.608415" value._42="0.491291" value._43="2.033863" value._44="1.000000"/>
    <AttachToBone BoneName="<root>" Snap="0"/>
    <UpgradeInfo IsUpgradable="1" PartType="CarBody" UpgradeLevel="4294967295" PartId="-1" ParentUpgradeId="-1"/>
  </Locator>
  <Locator Version="3">
    <GUID value="14b2c98f-1751-4209-8d76-1ed50efa2889"/>
    <SrcGUID value="14b2c98f-1751-4209-8d76-1ed50efa2889"/>
    <Name value="carLocator_headlightR"/>
    <SceneTransform value._11="1.000000" value._12="0.000000" value._13="0.000000" value._14="0.000000" value._21="0.000000" value._22="1.000000" value._23="0.000000" value._24="0.000000" value._31="0.000000" value._32="0.000000" value._33="1.000000" value._34="0.000000" value._41="0.608415" value._42="0.491290" value._43="2.033863" value._44="1.000000"/>
    <AttachToBone BoneName="<root>" Snap="0"/>
    <UpgradeInfo IsUpgradable="1" PartType="CarBody" UpgradeLevel="4294967295" PartId="-1" ParentUpgradeId="-1"/>
  </Locator>
  <Locator Version="3">
    <GUID value="8df66b5a-c8af-4f7f-8beb-f5328b03dd04"/>
    <SrcGUID value="8df66b5a-c8af-4f7f-8beb-f5328b03dd04"/>
    <Name value="carLocator_hood"/>
    <SceneTransform value._11="1.000000" value._12="0.000000" value._13="0.000000" value._14="0.000000" value._21="0.000000" value._22="1.000000" value._23="0.000000" value._24="0.000000" value._31="0.000000" value._32="0.000000" value._33="1.000000" value._34="0.000000" value._41="0.000000" value._42="0.756370" value._43="1.399838" value._44="1.000000"/>
    <AttachToBone BoneName="<root>" Snap="0"/>
    <UpgradeInfo IsUpgradable="1" PartType="CarBody" UpgradeLevel="4294967295" PartId="-1" ParentUpgradeId="-1"/>
  </Locator>
  <Locator Version="3">
    <GUID value="3d1daf14-2de4-4d10-8a6f-62d72f12a899"/>
    <SrcGUID value="3d1daf14-2de4-4d10-8a6f-62d72f12a899"/>
    <Name value="carLocator_lookCloseLeft"/>
    <SceneTransform value._11="-0.000000" value._12="0.000000" value._13="1.000000" value._14="0.000000" value._21="0.000000" value._22="1.000000" value._23="0.000000" value._24="0.000000" value._31="-1.000000" value._32="0.000000" value._33="-0.000000" value._34="0.000000" value._41="-0.485444" value._42="0.510656" value._43="-1.234163" value._44="1.000000"/>
    <AttachToBone BoneName="<root>" Snap="0"/>
    <UpgradeInfo IsUpgradable="1" PartType="CarBody" UpgradeLevel="4294967295" PartId="-1" ParentUpgradeId="-1"/>
  </Locator>
  <Locator Version="3">
    <GUID value="00f00f8a-44bd-474b-bde6-1ab6ff5968b5"/>
    <SrcGUID value="00f00f8a-44bd-474b-bde6-1ab6ff5968b5"/>
    <Name value="carLocator_quarterPaneRF"/>
    <SceneTransform value._11="-0.000000" value._12="0.000000" value._13="-1.000000" value._14="0.000000" value._21="0.000000" value._22="1.000000" value._23="0.000000" value._24="0.000000" value._31="1.000000" value._32="0.000000" value._33="-0.000000" value._34="0.000000" value._41="0.954428" value._42="0.528564" value._43="1.354061" value._44="1.000000"/>
    <AttachToBone BoneName="<root>" Snap="0"/>
    <UpgradeInfo IsUpgradable="1" PartType="CarBody" UpgradeLevel="4294967295" PartId="-1" ParentUpgradeId="-1"/>
  </Locator>
  <Locator Version="3">
    <GUID value="85d1de26-897a-43f1-9ad7-a91dce2c0adf"/>
    <SrcGUID value="85d1de26-897a-43f1-9ad7-a91dce2c0adf"/>
    <Name value="carLocator_seatCamLF"/>
    <SceneTransform value._11="1.000000" value._12="0.000000" value._13="0.000000" value._14="0.000000" value._21="0.000000" value._22="1.000000" value._23="0.000000" value._24="0.000000" value._31="0.000000" value._32="0.000000" value._33="1.000000" value._34="0.000000" value._41="-0.317925" value._42="0.809537" value._43="-0.050014" value._44="1.000000"/>
    <AttachToBone BoneName="<root>" Snap="0"/>
    <UpgradeInfo IsUpgradable="1" PartType="CarBody" UpgradeLevel="4294967295" PartId="-1" ParentUpgradeId="-1"/>
  </Locator>
  <Locator Version="3">
    <GUID value="96843f6a-b39f-45d2-a294-6c3bb71d3336"/>
    <SrcGUID value="96843f6a-b39f-45d2-a294-6c3bb71d3336"/>
    <Name value="carLocator_seatCamRF"/>
    <SceneTransform value._11="1.000000" value._12="0.000000" value._13="0.000000" value._14="0.000000" value._21="0.000000" value._22="1.000000" value._23="0.000000" value._24="0.000000" value._31="0.000000" value._32="0.000000" value._33="1.000000" value._34="0.000000" value._41="0.317925" value._42="0.809537" value._43="-0.050014" value._44="1.000000"/>
    <AttachToBone BoneName="<root>" Snap="0"/>
    <UpgradeInfo IsUpgradable="1" PartType="CarBody" UpgradeLevel="4294967295" PartId="-1" ParentUpgradeId="-1"/>
  </Locator>
  <Locator Version="3">
    <GUID value="5474ab17-2b03-4528-8f34-aeacaa8ce857"/>
    <SrcGUID value="5474ab17-2b03-4528-8f34-aeacaa8ce857"/>
    <Name value="carLocator_skirtL"/>
    <SceneTransform value._11="-0.000000" value._12="0.000000" value._13="1.000000" value._14="0.000000" value._21="0.000000" value._22="1.000000" value._23="0.000000" value._24="0.000000" value._31="-1.000000" value._32="0.000000" value._33="-0.000000" value._34="0.000000" value._41="-0.937000" value._42="0.079900" value._43="0.000000" value._44="1.000000"/>
    <AttachToBone BoneName="<root>" Snap="0"/>
    <UpgradeInfo IsUpgradable="1" PartType="CarBody" UpgradeLevel="4294967295" PartId="-1" ParentUpgradeId="-1"/>
  </Locator>
  <Locator Version="3">
    <GUID value="9f7926aa-d626-420a-b463-61e507262b10"/>
    <SrcGUID value="9f7926aa-d626-420a-b463-61e507262b10"/>
    <Name value="carLocator_skirtR"/>
    <SceneTransform value._11="-0.000000" value._12="0.000000" value._13="-1.000000" value._14="0.000000" value._21="0.000000" value._22="1.000000" value._23="0.000000" value._24="0.000000" value._31="1.000000" value._32="0.000000" value._33="-0.000000" value._34="0.000000" value._41="0.937022" value._42="0.079900" value._43="0.000000" value._44="1.000000"/>
    <AttachToBone BoneName="<root>" Snap="0"/>
    <UpgradeInfo IsUpgradable="1" PartType="CarBody" UpgradeLevel="4294967295" PartId="-1" ParentUpgradeId="-1"/>
  </Locator>
  <Locator Version="3">
    <GUID value="d2130bc0-0fc3-43d0-a491-bcb70e689572"/>
    <SrcGUID value="d2130bc0-0fc3-43d0-a491-bcb70e689572"/>
    <Name value="carLocator_steeringWheel"/>
    <SceneTransform value._11="-1.000000" value._12="-0.000000" value._13="-0.000000" value._14="0.000000" value._21="-0.000000" value._22="1.000000" value._23="-0.000000" value._24="0.000000" value._31="0.000000" value._32="-0.000000" value._33="-1.000000" value._34="0.000000" value._41="-0.329142" value._42="0.628081" value._43="0.349187" value._44="1.000000"/>
    <AttachToBone BoneName="<root>" Snap="0"/>
    <UpgradeInfo IsUpgradable="1" PartType="CarBody" UpgradeLevel="4294967295" PartId="-1" ParentUpgradeId="-1"/>
  </Locator>
  <Locator Version="3">
    <GUID value="8c1acc3c-9b76-4dba-a87d-d9b037535c72"/>
    <SrcGUID value="8c1acc3c-9b76-4dba-a87d-d9b037535c72"/>
    <Name value="carLocator_taillightL"/>
    <SceneTransform value._11="-0.999961" value._12="-0.000000" value._13="0.008796" value._14="0.000000" value._21="-0.000000" value._22="1.000000" value._23="-0.000000" value._24="0.000000" value._31="-0.008796" value._32="-0.000000" value._33="-0.999961" value._34="0.000000" value._41="-0.629552" value._42="0.495817" value._43="-2.089092" value._44="1.000000"/>
    <AttachToBone BoneName="<root>" Snap="0"/>
    <UpgradeInfo IsUpgradable="1" PartType="CarBody" UpgradeLevel="4294967295" PartId="-1" ParentUpgradeId="-1"/>
  </Locator>
  <Locator Version="3">
    <GUID value="037ca44a-864b-4190-b4b6-d55677c76d63"/>
    <SrcGUID value="037ca44a-864b-4190-b4b6-d55677c76d63"/>
    <Name value="carLocator_taillightR"/>
    <SceneTransform value._11="-0.999944" value._12="-0.000000" value._13="0.010604" value._14="0.000000" value._21="-0.000000" value._22="1.000000" value._23="-0.000000" value._24="0.000000" value._31="-0.010604" value._32="-0.000000" value._33="-0.999944" value._34="0.000000" value._41="0.629552" value._42="0.495816" value._43="-2.089092" value._44="1.000000"/>
    <AttachToBone BoneName="<root>" Snap="0"/>
    <UpgradeInfo IsUpgradable="1" PartType="CarBody" UpgradeLevel="4294967295" PartId="-1" ParentUpgradeId="-1"/>
  </Locator>
  <Locator Version="3">
    <GUID value="e3b18f88-11eb-4da1-9632-128140d93856"/>
    <SrcGUID value="e3b18f88-11eb-4da1-9632-128140d93856"/>
    <Name value="carLocator_wheelLF"/>
    <SceneTransform value._11="-0.000000" value._12="0.000000" value._13="1.000000" value._14="0.000000" value._21="0.000000" value._22="1.000000" value._23="0.000000" value._24="0.000000" value._31="-1.000000" value._32="0.000000" value._33="-0.000000" value._34="0.000000" value._41="-0.997276" value._42="0.226767" value._43="1.270227" value._44="1.000000"/>
    <AttachToBone BoneName="<root>" Snap="0"/>
    <UpgradeInfo IsUpgradable="1" PartType="CarBody" UpgradeLevel="4294967295" PartId="-1" ParentUpgradeId="-1"/>
  </Locator>
  <Locator Version="3">
    <GUID value="f7a19a00-d10b-4ffc-aea3-b58c92b4e5ec"/>
    <SrcGUID value="f7a19a00-d10b-4ffc-aea3-b58c92b4e5ec"/>
    <Name value="carLocator_wheelLR"/>
    <SceneTransform value._11="-0.000000" value._12="0.000000" value._13="1.000000" value._14="0.000000" value._21="0.000000" value._22="1.000000" value._23="0.000000" value._24="0.000000" value._31="-1.000000" value._32="0.000000" value._33="-0.000000" value._34="0.000000" value._41="-0.997276" value._42="0.229482" value._43="-1.269495" value._44="1.000000"/>
    <AttachToBone BoneName="<root>" Snap="0"/>
    <UpgradeInfo IsUpgradable="1" PartType="CarBody" UpgradeLevel="4294967295" PartId="-1" ParentUpgradeId="-1"/>
  </Locator>
  <Locator Version="3">
    <GUID value="0b0e12ce-821a-4541-9835-d69a6592b30c"/>
    <SrcGUID value="0b0e12ce-821a-4541-9835-d69a6592b30c"/>
    <Name value="carLocator_wheelRF"/>
    <SceneTransform value._11="-0.000000" value._12="0.000000" value._13="-1.000000" value._14="0.000000" value._21="0.000000" value._22="1.000000" value._23="0.000000" value._24="0.000000" value._31="1.000000" value._32="0.000000" value._33="-0.000000" value._34="0.000000" value._41="0.993817" value._42="0.226767" value._43="1.270227" value._44="1.000000"/>
    <AttachToBone BoneName="<root>" Snap="0"/>
    <UpgradeInfo IsUpgradable="1" PartType="CarBody" UpgradeLevel="4294967295" PartId="-1" ParentUpgradeId="-1"/>
  </Locator>
  <Locator Version="3">
    <GUID value="208d72b8-481c-49c7-9592-65a8b01c4c9c"/>
    <SrcGUID value="208d72b8-481c-49c7-9592-65a8b01c4c9c"/>
    <Name value="carLocator_wheelRR"/>
    <SceneTransform value._11="-0.000000" value._12="0.000000" value._13="-1.000000" value._14="0.000000" value._21="0.000000" value._22="1.000000" value._23="0.000000" value._24="0.000000" value._31="1.000000" value._32="0.000000" value._33="-0.000000" value._34="0.000000" value._41="0.993817" value._42="0.229482" value._43="-1.269495" value._44="1.000000"/>
    <AttachToBone BoneName="<root>" Snap="0"/>
    <UpgradeInfo IsUpgradable="1" PartType="CarBody" UpgradeLevel="4294967295" PartId="-1" ParentUpgradeId="-1"/>
  </Locator>
  <Locator Version="3">
    <GUID value="d8ddf5a4-eb49-4553-833e-afd2dfd96c1a"/>
    <SrcGUID value="d8ddf5a4-eb49-4553-833e-afd2dfd96c1a"/>
    <Name value="carLocator_wing"/>
    <SceneTransform value._11="-1.000000" value._12="-0.000000" value._13="0.000000" value._14="0.000000" value._21="-0.000000" value._22="1.000000" value._23="-0.000000" value._24="0.000000" value._31="-0.000000" value._32="-0.000000" value._33="-1.000000" value._34="0.000000" value._41="-0.000000" value._42="0.804513" value._43="-2.064762" value._44="1.000000"/>
    <AttachToBone BoneName="<root>" Snap="0"/>
    <UpgradeInfo IsUpgradable="1" PartType="CarBody" UpgradeLevel="4294967295" PartId="-1" ParentUpgradeId="-1"/>
  </Locator>
  <Locator Version="3">
    <GUID value="55f9a81d-84a9-4be1-af76-1f2cb9c77721"/>
    <SrcGUID value="55f9a81d-84a9-4be1-af76-1f2cb9c77721"/>
    <Name value="root"/>
    <SceneTransform value._11="1.000000" value._12="0.000000" value._13="0.000000" value._14="0.000000" value._21="0.000000" value._22="1.000000" value._23="0.000000" value._24="0.000000" value._31="0.000000" value._32="0.000000" value._33="1.000000" value._34="0.000000" value._41="0.000000" value._42="0.000000" value._43="0.000000" value._44="1.000000"/>
    <AttachToBone BoneName="<root>" Snap="0"/>
    <UpgradeInfo IsUpgradable="1" PartType="CarBody" UpgradeLevel="4294967295" PartId="-1" ParentUpgradeId="-1"/>
  </Locator>
</CarLocators>