<MAXData>
  <Misc Wheelbase="2.270017" FrontTrackOuter="1.774219" RearTrackOuter="1.828724" FrontStockRideHeight="0.121037" RearStockRideHeight="0.121302">
    <BottomCenterWheelbasePos x="0.000000" y="0.000000" z="0.076978" />
  </Misc>
  <Collision>
    <BoundingBox MinX="-0.895299" MinY="0.002999" MinZ="-2.154103" MaxX="0.895299" MaxY="1.104699" MaxZ="1.957895" BevelFrontX="1.255299" BevelFrontZ="3.246699" BevelRearX="1.365299" BevelRearZ="3.296699" />
    <CollSpheres PosOffsetX="0.000000" PosOffsetY="0.000000" PosOffsetZ="0.000000" PosScale="1.000000" RadiusScale="1.000000">
      <Sphere0 Radius="0.306928" PosX="-0.0002155" PosY="0.27937" PosZ="1.763554" Flags="2" />
      <Sphere1 Radius="0.33746" PosX="-0.0003155" PosY="0.3545" PosZ="-1.884362" Flags="2" />
      <Sphere2 Radius="0.3437045" PosX="-0.6120095" PosY="0.298166" PosZ="1.596773" Flags="2" />
      <Sphere3 Radius="0.386594" PosX="-0.6687731" PosY="0.340117" PosZ="0.9770461" Flags="2" />
      <Sphere4 Radius="0.389342" PosX="-0.6854574" PosY="0.36145" PosZ="0.2737608" Flags="2" />
      <Sphere5 Radius="0.4044428" PosX="-0.706444" PosY="0.362888" PosZ="-0.4440602" Flags="2" />
      <Sphere6 Radius="0.4247743" PosX="-0.723053" PosY="0.349965" PosZ="-1.175012" Flags="2" />
      <Sphere7 Radius="0.389346" PosX="-0.6127172" PosY="0.3342" PosZ="-1.773382" Flags="2" />
      <Sphere8 Radius="0.175" PosX="-0.4296146" PosY="0.924399" PosZ="-0.7448003" Flags="2" />
      <Sphere9 Radius="0.16" PosX="-0.5003144" PosY="0.9846991" PosZ="0.04079979" Flags="2" />
      <Sphere10 Radius="0.16" PosX="-0.5906134" PosY="0.66" PosZ="-1.995706" Flags="2" />
      <Sphere11 Radius="0.05" PosX="-0.8509324" PosY="0.027702" PosZ="1.896234" Flags="1" />
      <Sphere12 Radius="0.05" PosX="-0.8903164" PosY="0.045212" PosZ="-2.009276" Flags="1" />
      <Sphere13 Radius="0.05" PosX="-0.8507984" PosY="0.546304" PosZ="1.82991" Flags="1" />
      <Sphere14 Radius="0.05" PosX="-0.8795945" PosY="0.74381" PosZ="-2.047812" Flags="1" />
      <Sphere15 Radius="0.05" PosX="-0.5328614" PosY="1.196125" PosZ="0.0796258" Flags="1" />
      <Sphere16 Radius="0.05" PosX="-0.5108615" PosY="1.030319" PosZ="-0.7594664" Flags="1" />
      <Sphere17 Radius="0.05" PosX="-0.8509324" PosY="0.027702" PosZ="0.6806837" Flags="1" />
      <Sphere18 Radius="0.05" PosX="-0.8509324" PosY="0.027702" PosZ="-0.7583351" Flags="1" />
      <Sphere19 Radius="0.05" PosX="0.8507676" PosY="0.027702" PosZ="-0.7583351" Flags="1" />
      <Sphere20 Radius="0.05" PosX="0.8794296" PosY="0.74381" PosZ="-2.047812" Flags="1" />
      <Sphere21 Radius="0.05" PosX="0.8506336" PosY="0.546304" PosZ="1.82991" Flags="1" />
      <Sphere22 Radius="0.05" PosX="0.8901516" PosY="0.045212" PosZ="-2.009276" Flags="1" />
      <Sphere23 Radius="0.05" PosX="0.8507676" PosY="0.027702" PosZ="1.896234" Flags="1" />
      <Sphere24 Radius="0.05" PosX="0.8507676" PosY="0.027702" PosZ="0.6806837" Flags="1" />
      <Sphere25 Radius="0.175" PosX="0.4294494" PosY="0.924399" PosZ="-0.7448003" Flags="2" />
      <Sphere26 Radius="0.16" PosX="0.5001495" PosY="0.9846991" PosZ="0.04079979" Flags="2" />
      <Sphere27 Radius="0.389346" PosX="0.6125523" PosY="0.3342" PosZ="-1.773382" Flags="2" />
      <Sphere28 Radius="0.4247743" PosX="0.7228881" PosY="0.349965" PosZ="-1.175012" Flags="2" />
      <Sphere29 Radius="0.4044428" PosX="0.706279" PosY="0.362888" PosZ="-0.4440602" Flags="2" />
      <Sphere30 Radius="0.389342" PosX="0.6852925" PosY="0.36145" PosZ="0.2737608" Flags="2" />
      <Sphere31 Radius="0.386594" PosX="0.668608" PosY="0.340117" PosZ="0.9770461" Flags="2" />
      <Sphere32 Radius="0.05" PosX="0.5326965" PosY="1.196125" PosZ="0.0796258" Flags="1" />
      <Sphere33 Radius="0.05" PosX="0.5106965" PosY="1.030319" PosZ="-0.7594664" Flags="1" />
      <Sphere34 Radius="0.16" PosX="0.5904484" PosY="0.66" PosZ="-1.995706" Flags="2" />
      <Sphere35 Radius="0.3437045" PosX="0.6118445" PosY="0.298166" PosZ="1.596773" Flags="2" />
    </CollSpheres>
  </Collision>
</MAXData>