
<MAXData>
  <Misc Wheelbase="2.651081" FrontTrackOuter="1.822498" RearTrackOuter="1.822362" FrontStockRideHeight="0.187959" RearStockRideHeight="0.187959">
    <BottomCenterWheelbasePos x="0.000000" y="0.000000" z="-0.048737"/>
  </Misc>
  <Collision>
    <BoundingBox MinX="-0.869799" MinY="-0.068999" MinZ="-1.987203" MaxX="0.839900" MaxY="1.204399" MaxZ="2.100395" BevelFrontX="0.964850" BevelFrontZ="3.382748" BevelRearX="1.194850" BevelRearZ="3.312748"/>
    <CollSpheres PosOffsetX="0.000000" PosOffsetY="0.000000" PosOffsetZ="0.000000" PosScale="1.000000" RadiusScale="1.000000">
      <Sphere0 Radius="0.320000" PosX="-0.564400" PosY="0.294500" PosZ="1.734895" Flags="2"/>
      <Sphere1 Radius="0.455000" PosX="-0.448599" PosY="0.420301" PosZ="1.135495" Flags="2"/>
      <Sphere2 Radius="0.535000" PosX="-0.338399" PosY="0.506001" PosZ="0.390104" Flags="2"/>
      <Sphere3 Radius="0.535000" PosX="-0.368000" PosY="0.501401" PosZ="-0.479996" Flags="2"/>
      <Sphere4 Radius="0.405000" PosX="-0.483700" PosY="0.380800" PosZ="-1.158603" Flags="2"/>
      <Sphere5 Radius="0.270000" PosX="-0.529799" PosY="0.324100" PosZ="-1.707203" Flags="2"/>
      <Sphere6 Radius="0.175000" PosX="-0.509299" PosY="1.014399" PosZ="-0.890296" Flags="2"/>
      <Sphere7 Radius="0.160000" PosX="-0.509400" PosY="1.024399" PosZ="0.155904" Flags="2"/>
      <Sphere8 Radius="0.175000" PosX="-0.417399" PosY="0.941300" PosZ="-1.527401" Flags="2"/>
      <Sphere9 Radius="0.460000" PosX="0.000000" PosY="0.439400" PosZ="1.702499" Flags="2"/>
      <Sphere10 Radius="0.515000" PosX="0.000000" PosY="0.496200" PosZ="-1.520598" Flags="2"/>
      <Sphere11 Radius="0.050000" PosX="-0.850000" PosY="0.092374" PosZ="2.025909" Flags="1"/>
      <Sphere12 Radius="0.050000" PosX="-0.850000" PosY="0.158105" PosZ="-1.911268" Flags="1"/>
      <Sphere13 Radius="0.050000" PosX="-0.850000" PosY="0.521860" PosZ="1.999166" Flags="1"/>
      <Sphere14 Radius="0.050000" PosX="-0.850076" PosY="0.822098" PosZ="-1.855452" Flags="1"/>
      <Sphere15 Radius="0.050000" PosX="-0.559346" PosY="1.150707" PosZ="0.197055" Flags="1"/>
      <Sphere16 Radius="0.050000" PosX="-0.545210" PosY="1.139281" PosZ="-0.896323" Flags="1"/>
      <Sphere17 Radius="0.050000" PosX="-0.849999" PosY="0.060000" PosZ="-0.919999" Flags="3"/>
      <Sphere18 Radius="0.050000" PosX="-0.839999" PosY="0.050000" PosZ="0.939999" Flags="3"/>
      <Sphere19 Radius="0.050000" PosX="0.839999" PosY="0.050000" PosZ="0.939999" Flags="3"/>
      <Sphere20 Radius="0.050000" PosX="0.849999" PosY="0.060000" PosZ="-0.919999" Flags="3"/>
      <Sphere21 Radius="0.050000" PosX="0.545210" PosY="1.139281" PosZ="-0.896323" Flags="1"/>
      <Sphere22 Radius="0.050000" PosX="0.559346" PosY="1.150707" PosZ="0.197055" Flags="1"/>
      <Sphere23 Radius="0.050000" PosX="0.850076" PosY="0.822098" PosZ="-1.855452" Flags="1"/>
      <Sphere24 Radius="0.050000" PosX="0.850000" PosY="0.521860" PosZ="1.999166" Flags="1"/>
      <Sphere25 Radius="0.050000" PosX="0.850000" PosY="0.158105" PosZ="-1.911268" Flags="1"/>
      <Sphere26 Radius="0.050000" PosX="0.850000" PosY="0.092374" PosZ="2.025909" Flags="1"/>
      <Sphere27 Radius="0.175000" PosX="0.417399" PosY="0.941300" PosZ="-1.527401" Flags="2"/>
      <Sphere28 Radius="0.160000" PosX="0.509400" PosY="1.024399" PosZ="0.155904" Flags="2"/>
      <Sphere29 Radius="0.175000" PosX="0.509299" PosY="1.014399" PosZ="-0.890296" Flags="2"/>
      <Sphere30 Radius="0.270000" PosX="0.529799" PosY="0.324100" PosZ="-1.707203" Flags="2"/>
      <Sphere31 Radius="0.405000" PosX="0.483700" PosY="0.380800" PosZ="-1.158603" Flags="2"/>
      <Sphere32 Radius="0.535000" PosX="0.368000" PosY="0.501401" PosZ="-0.479996" Flags="2"/>
      <Sphere33 Radius="0.535000" PosX="0.338399" PosY="0.506001" PosZ="0.390104" Flags="2"/>
      <Sphere34 Radius="0.455000" PosX="0.448599" PosY="0.420301" PosZ="1.135495" Flags="2"/>
      <Sphere35 Radius="0.320000" PosX="0.564400" PosY="0.294500" PosZ="1.734895" Flags="2"/>
    </CollSpheres>
  </Collision>
</MAXData>