<CarAttributes Version="15">
  <DriverHandsSteeringWheelOverride value="0.000000" />
  <Use10_2Animations value="0" />
  <SteeringWheelAngleOverride value="0.000000" />
  <CockpitNearPlane value="0.100000" />
  <DriverHandsOffset value.x="-0.312531" value.y="0.27" value.z="-0.032361" value.w="0.000000" />
  <DriverHandsScale value="1.000000" />
  <CockpitShadowScale value="0.500000" />
  <Gauges>
    <Speed NumTicks="6">
      <TickMark Param="0.000000" Value="0.000000" />
      <TickMark Param="0.005000" Value="5.811520" />
      <TickMark Param="0.085000" Value="11.176000" />
      <TickMark Param="0.500000" Value="38.892479" />
      <TickMark Param="0.835000" Value="61.244480" />
      <TickMark Param="1.000000" Value="72.420479" />
    </Speed>
    <Tach NumTicks="2">
      <TickMark Param="0.000000" Value="0.000000" />
      <TickMark Param="1.000000" Value="8000.000000" />
    </Tach>
    <Fuel NumTicks="0" />
    <Boost NumTicks="0" />
  </Gauges>
  <CarDebris>
    <Mechanical MaxDropCount_DamageCosmetic="1000" MaxDropCount_DamageLimited="1000" MaxDropCount_DamageFull="1000" MinDropForce="1.000000" MaxDropForce="100.000000" Area="" />
    <Fiber MaxDropCount_DamageCosmetic="1000" MaxDropCount_DamageLimited="1000" MaxDropCount_DamageFull="1000" MinDropForce="1.000000" MaxDropForce="100.000000" Area="" />
    <Frame MaxDropCount_DamageCosmetic="1000" MaxDropCount_DamageLimited="1000" MaxDropCount_DamageFull="1000" MinDropForce="1.000000" MaxDropForce="100.000000" Area="" />
    <Crumb MaxDropCount_DamageCosmetic="1000" MaxDropCount_DamageLimited="1000" MaxDropCount_DamageFull="1000" MinDropForce="1.000000" MaxDropForce="100.000000" Area="" />
  </CarDebris>
  <UseDamageValues />
  <Damage Version="3" value="171887188652992300000000000000.000000">
    <DamageScalars speed="0.000000" radius="0.000000" damage="-0.000000" />
    <DamageScalars speed="0.000000" radius="0.000000" damage="-0.000000" />
    <DamageScalars speed="0.000000" radius="0.000000" damage="-0.000000" />
    <PartDropValues>
      <partDrop partName="bumperF" dropValue="0.400000" />
      <partDrop partName="bumperR" dropValue="0.300000" />
      <partDrop partName="exhaust" dropValue="0.400000" />
      <partDrop partName="exhaustL" dropValue="0.400000" />
      <partDrop partName="exhaustR" dropValue="0.400000" />
      <partDrop partName="mirrorL" dropValue="0.100000" />
      <partDrop partName="mirrorR" dropValue="0.100000" />
      <partDrop partName="wing" dropValue="0.300000" />
    </PartDropValues>
    <PartDropGlobalScalar value="0.000000" />
    <DamageScrape ScrapeMinSpeed="0.000000" ScrapeMaxSpeed="0.000000" ScrapeRadius="171881446255349130000000000000.000000" ScrapeDamage="-0.000000" DamageBias="171877819477890290000000000000.000000" ScrapeBias="0.000000" GlassDamageCausingBreak="0.000000" />
  </Damage>
  <Tires FrontTireScale="1.000000" RearTireScale="1.000000" />
  <Driver Version="6" BodyLean="0.000000" ButtOffset.x="0.000000" ButtOffset.y="-0.020000" ButtOffset.z="0.03" ButtOffset.w="0.000000" BodyScale="1.000000" LeftHandOffset.x="0.000000" LeftHandOffset.y="0.000000" LeftHandOffset.z="0.000000" LeftHandOffset.w="0.000000" RightHandOffset.x="0.000000" RightHandOffset.y="0.000000" RightHandOffset.z="0.000000" RightHandOffset.w="0.000000" ShifterOffset.x="0.000000" ShifterOffset.y="0.000000" ShifterOffset.z="0.000000" ShifterOffset.w="0.000000" HandBrakeOffset.x="0.000000" HandBrakeOffset.y="0.000000" HandBrakeOffset.z="0.000000" HandBrakeOffset.w="0.000000" HasPaddleShifter="0" HasNoHandBrake="0" ForwardAccelerationScale="0.500000" LateralAccelerationScale="1.000000" IKGuideScale.x="2.000000" IKGuideScale.y="1.000000" IKGuideScale.z="-2.000000" IKGuideScale.w="0.000000" IKGuideTranslation.x="0.000000" IKGuideTranslation.y="-0.500000" IKGuideTranslation.z="0.000000" IKGuideTranslation.w="0.000000" ButtOffsetLOD0.x="0.000000" ButtOffsetLOD0.y="0.000000" ButtOffsetLOD0.z="-0.05" ButtOffsetLOD0.w="0.000000" LeftHandOffsetLOD0.x="0.000000" LeftHandOffsetLOD0.y="0.000000" LeftHandOffsetLOD0.z="0.000000" LeftHandOffsetLOD0.w="0.000000" RightHandOffsetLOD0.x="0.000000" RightHandOffsetLOD0.y="0.000000" RightHandOffsetLOD0.z="0.000000" RightHandOffsetLOD0.w="0.000000" />
  <General OpenCockpit="0" />
</CarAttributes>