
<ShaderSettings>
  
  <cockpit_bump_leather>
    <CockpitBumpScale value="0.20000"/>
  </cockpit_bump_leather> 
  
  <cockpit_bump_plastic>
    <CockpitBumpScale value="0.2"/>
  </cockpit_bump_plastic>

  <detail_glass_amber>
    <GlassColor r="0.000000" g="0.00000" b="0.000000" a="0.800000"/>
  </detail_glass_amber>
  
  <detail_glass_clear>
    <GlassColor r="0.500000" g="0.500000" b="0.500000" a="0.600000"/>
  </detail_glass_clear>
  
  <detail_glass_red>
    <DarkValues value="0.700000"/>
    <LightValues value="1.200000"/>
  </detail_glass_red>

  <lights_glass>
    <PaintScale value="1.000000"/>
    <GlassMaxOpacity value="0.800000"/>
    <GlassColor a="0.000000" b="0.500000" g="0.500000" r="0.500000"/>
  </lights_glass>

  <head_light>
    <PaintScale value="0.500000"/>
  </head_light>

  <reflector>
    <PaintScale value="0.100000"/>
    <CubeScale value="0.600000"/>
  </reflector>

  <reverse_light>
    <PaintScale value="0.300000"/>
    <CubeScale value="0.600000"/>
    <ReverseLightColor a="1.000000" b="2.500000" g="2.500000" r="2.500000"/>
  </reverse_light>

  <reverse_light_lod0>
    <PaintScale value="0.300000"/>
    <CubeScale value="0.600000"/>
    <ReverseLightColor a="1.000000" b="2.500000" g="2.500000" r="2.500000"/>
  </reverse_light_lod0>

  <tail_light_lod0>
    <PaintScale value="0.100000"/>
    <CubeScale value="0.600000"/>
  </tail_light_lod0>
  
</ShaderSettings>
